params,f1_score,erro
"{'hidden_layer_sizes': (118,), 'activation': 'identity', 'solver': 'sgd', 'learning_rate_init': 0.0001, 'max_iter': 500}",0.6726249033799452,
"{'hidden_layer_sizes': (118,), 'activation': 'identity', 'solver': 'sgd', 'learning_rate_init': 0.0001, 'max_iter': 1000}",0.6726249033799452,
"{'hidden_layer_sizes': (118,), 'activation': 'identity', 'solver': 'sgd', 'learning_rate_init': 0.0001, 'max_iter': 1500}",0.6726249033799452,
"{'hidden_layer_sizes': (118,), 'activation': 'identity', 'solver': 'sgd', 'learning_rate_init': 0.0001, 'max_iter': 2000}",0.6726249033799452,
"{'hidden_layer_sizes': (118,), 'activation': 'identity', 'solver': 'sgd', 'learning_rate_init': 0.001, 'max_iter': 500}",0.6523548153469655,
"{'hidden_layer_sizes': (118,), 'activation': 'identity', 'solver': 'sgd', 'learning_rate_init': 0.001, 'max_iter': 1000}",0.6523548153469655,
"{'hidden_layer_sizes': (118,), 'activation': 'identity', 'solver': 'sgd', 'learning_rate_init': 0.001, 'max_iter': 1500}",0.6523548153469655,
"{'hidden_layer_sizes': (118,), 'activation': 'identity', 'solver': 'sgd', 'learning_rate_init': 0.001, 'max_iter': 2000}",0.6523548153469655,
"{'hidden_layer_sizes': (118,), 'activation': 'identity', 'solver': 'sgd', 'learning_rate_init': 0.01, 'max_iter': 500}",0.6620588235294118,
"{'hidden_layer_sizes': (118,), 'activation': 'identity', 'solver': 'sgd', 'learning_rate_init': 0.01, 'max_iter': 1000}",0.6620588235294118,
"{'hidden_layer_sizes': (118,), 'activation': 'identity', 'solver': 'sgd', 'learning_rate_init': 0.01, 'max_iter': 1500}",0.6620588235294118,
"{'hidden_layer_sizes': (118,), 'activation': 'identity', 'solver': 'sgd', 'learning_rate_init': 0.01, 'max_iter': 2000}",0.6620588235294118,
"{'hidden_layer_sizes': (118,), 'activation': 'identity', 'solver': 'sgd', 'learning_rate_init': 0.1, 'max_iter': 500}",0.632051282051282,
"{'hidden_layer_sizes': (118,), 'activation': 'identity', 'solver': 'sgd', 'learning_rate_init': 0.1, 'max_iter': 1000}",0.632051282051282,
"{'hidden_layer_sizes': (118,), 'activation': 'identity', 'solver': 'sgd', 'learning_rate_init': 0.1, 'max_iter': 1500}",0.632051282051282,
"{'hidden_layer_sizes': (118,), 'activation': 'identity', 'solver': 'sgd', 'learning_rate_init': 0.1, 'max_iter': 2000}",0.632051282051282,
"{'hidden_layer_sizes': (118,), 'activation': 'identity', 'solver': 'adam', 'learning_rate_init': 0.0001, 'max_iter': 500}",0.6571386946386947,
"{'hidden_layer_sizes': (118,), 'activation': 'identity', 'solver': 'adam', 'learning_rate_init': 0.0001, 'max_iter': 1000}",0.6571386946386947,
"{'hidden_layer_sizes': (118,), 'activation': 'identity', 'solver': 'adam', 'learning_rate_init': 0.0001, 'max_iter': 1500}",0.6571386946386947,
"{'hidden_layer_sizes': (118,), 'activation': 'identity', 'solver': 'adam', 'learning_rate_init': 0.0001, 'max_iter': 2000}",0.6571386946386947,
"{'hidden_layer_sizes': (118,), 'activation': 'identity', 'solver': 'adam', 'learning_rate_init': 0.001, 'max_iter': 500}",0.6487762237762238,
"{'hidden_layer_sizes': (118,), 'activation': 'identity', 'solver': 'adam', 'learning_rate_init': 0.001, 'max_iter': 1000}",0.6487762237762238,
"{'hidden_layer_sizes': (118,), 'activation': 'identity', 'solver': 'adam', 'learning_rate_init': 0.001, 'max_iter': 1500}",0.6487762237762238,
"{'hidden_layer_sizes': (118,), 'activation': 'identity', 'solver': 'adam', 'learning_rate_init': 0.001, 'max_iter': 2000}",0.6487762237762238,
"{'hidden_layer_sizes': (118,), 'activation': 'identity', 'solver': 'adam', 'learning_rate_init': 0.01, 'max_iter': 500}",0.6487762237762238,
"{'hidden_layer_sizes': (118,), 'activation': 'identity', 'solver': 'adam', 'learning_rate_init': 0.01, 'max_iter': 1000}",0.6487762237762238,
"{'hidden_layer_sizes': (118,), 'activation': 'identity', 'solver': 'adam', 'learning_rate_init': 0.01, 'max_iter': 1500}",0.6487762237762238,
"{'hidden_layer_sizes': (118,), 'activation': 'identity', 'solver': 'adam', 'learning_rate_init': 0.01, 'max_iter': 2000}",0.6487762237762238,
"{'hidden_layer_sizes': (118,), 'activation': 'identity', 'solver': 'adam', 'learning_rate_init': 0.1, 'max_iter': 500}",0.6324114812486905,
"{'hidden_layer_sizes': (118,), 'activation': 'identity', 'solver': 'adam', 'learning_rate_init': 0.1, 'max_iter': 1000}",0.6324114812486905,
"{'hidden_layer_sizes': (118,), 'activation': 'identity', 'solver': 'adam', 'learning_rate_init': 0.1, 'max_iter': 1500}",0.6324114812486905,
"{'hidden_layer_sizes': (118,), 'activation': 'identity', 'solver': 'adam', 'learning_rate_init': 0.1, 'max_iter': 2000}",0.6324114812486905,
"{'hidden_layer_sizes': (118,), 'activation': 'logistic', 'solver': 'sgd', 'learning_rate_init': 0.0001, 'max_iter': 500}",0.6833333333333333,
"{'hidden_layer_sizes': (118,), 'activation': 'logistic', 'solver': 'sgd', 'learning_rate_init': 0.0001, 'max_iter': 1000}",0.7123047657188626,
"{'hidden_layer_sizes': (118,), 'activation': 'logistic', 'solver': 'sgd', 'learning_rate_init': 0.0001, 'max_iter': 1500}",0.7123047657188626,
"{'hidden_layer_sizes': (118,), 'activation': 'logistic', 'solver': 'sgd', 'learning_rate_init': 0.0001, 'max_iter': 2000}",0.7123047657188626,
"{'hidden_layer_sizes': (118,), 'activation': 'logistic', 'solver': 'sgd', 'learning_rate_init': 0.001, 'max_iter': 500}",0.7161923363095238,
"{'hidden_layer_sizes': (118,), 'activation': 'logistic', 'solver': 'sgd', 'learning_rate_init': 0.001, 'max_iter': 1000}",0.6744559151785714,
"{'hidden_layer_sizes': (118,), 'activation': 'logistic', 'solver': 'sgd', 'learning_rate_init': 0.001, 'max_iter': 1500}",0.6574743347999162,
"{'hidden_layer_sizes': (118,), 'activation': 'logistic', 'solver': 'sgd', 'learning_rate_init': 0.001, 'max_iter': 2000}",0.6534485817149703,
"{'hidden_layer_sizes': (118,), 'activation': 'logistic', 'solver': 'sgd', 'learning_rate_init': 0.01, 'max_iter': 500}",0.6410667782738095,
"{'hidden_layer_sizes': (118,), 'activation': 'logistic', 'solver': 'sgd', 'learning_rate_init': 0.01, 'max_iter': 1000}",0.6410667782738095,
"{'hidden_layer_sizes': (118,), 'activation': 'logistic', 'solver': 'sgd', 'learning_rate_init': 0.01, 'max_iter': 1500}",0.6410667782738095,
"{'hidden_layer_sizes': (118,), 'activation': 'logistic', 'solver': 'sgd', 'learning_rate_init': 0.01, 'max_iter': 2000}",0.6410667782738095,
"{'hidden_layer_sizes': (118,), 'activation': 'logistic', 'solver': 'sgd', 'learning_rate_init': 0.1, 'max_iter': 500}",0.632719494047619,
"{'hidden_layer_sizes': (118,), 'activation': 'logistic', 'solver': 'sgd', 'learning_rate_init': 0.1, 'max_iter': 1000}",0.632719494047619,
"{'hidden_layer_sizes': (118,), 'activation': 'logistic', 'solver': 'sgd', 'learning_rate_init': 0.1, 'max_iter': 1500}",0.632719494047619,
"{'hidden_layer_sizes': (118,), 'activation': 'logistic', 'solver': 'sgd', 'learning_rate_init': 0.1, 'max_iter': 2000}",0.632719494047619,
"{'hidden_layer_sizes': (118,), 'activation': 'logistic', 'solver': 'adam', 'learning_rate_init': 0.0001, 'max_iter': 500}",0.6542207792207791,
"{'hidden_layer_sizes': (118,), 'activation': 'logistic', 'solver': 'adam', 'learning_rate_init': 0.0001, 'max_iter': 1000}",0.6413170975309502,
"{'hidden_layer_sizes': (118,), 'activation': 'logistic', 'solver': 'adam', 'learning_rate_init': 0.0001, 'max_iter': 1500}",0.6370261437908497,
"{'hidden_layer_sizes': (118,), 'activation': 'logistic', 'solver': 'adam', 'learning_rate_init': 0.0001, 'max_iter': 2000}",0.6370261437908497,
"{'hidden_layer_sizes': (118,), 'activation': 'logistic', 'solver': 'adam', 'learning_rate_init': 0.001, 'max_iter': 500}",0.6372538350368269,
"{'hidden_layer_sizes': (118,), 'activation': 'logistic', 'solver': 'adam', 'learning_rate_init': 0.001, 'max_iter': 1000}",0.6372538350368269,
"{'hidden_layer_sizes': (118,), 'activation': 'logistic', 'solver': 'adam', 'learning_rate_init': 0.001, 'max_iter': 1500}",0.6372538350368269,
"{'hidden_layer_sizes': (118,), 'activation': 'logistic', 'solver': 'adam', 'learning_rate_init': 0.001, 'max_iter': 2000}",0.6372538350368269,
"{'hidden_layer_sizes': (118,), 'activation': 'logistic', 'solver': 'adam', 'learning_rate_init': 0.01, 'max_iter': 500}",0.6404137529137529,
"{'hidden_layer_sizes': (118,), 'activation': 'logistic', 'solver': 'adam', 'learning_rate_init': 0.01, 'max_iter': 1000}",0.6404137529137529,
"{'hidden_layer_sizes': (118,), 'activation': 'logistic', 'solver': 'adam', 'learning_rate_init': 0.01, 'max_iter': 1500}",0.6404137529137529,
"{'hidden_layer_sizes': (118,), 'activation': 'logistic', 'solver': 'adam', 'learning_rate_init': 0.01, 'max_iter': 2000}",0.6404137529137529,
"{'hidden_layer_sizes': (118,), 'activation': 'logistic', 'solver': 'adam', 'learning_rate_init': 0.1, 'max_iter': 500}",0.6708848380535127,
"{'hidden_layer_sizes': (118,), 'activation': 'logistic', 'solver': 'adam', 'learning_rate_init': 0.1, 'max_iter': 1000}",0.6708848380535127,
"{'hidden_layer_sizes': (118,), 'activation': 'logistic', 'solver': 'adam', 'learning_rate_init': 0.1, 'max_iter': 1500}",0.6708848380535127,
"{'hidden_layer_sizes': (118,), 'activation': 'logistic', 'solver': 'adam', 'learning_rate_init': 0.1, 'max_iter': 2000}",0.6708848380535127,
"{'hidden_layer_sizes': (118,), 'activation': 'tanh', 'solver': 'sgd', 'learning_rate_init': 0.0001, 'max_iter': 500}",0.6760521092102868,
"{'hidden_layer_sizes': (118,), 'activation': 'tanh', 'solver': 'sgd', 'learning_rate_init': 0.0001, 'max_iter': 1000}",0.7062018363666174,
"{'hidden_layer_sizes': (118,), 'activation': 'tanh', 'solver': 'sgd', 'learning_rate_init': 0.0001, 'max_iter': 1500}",0.6765772537848815,
"{'hidden_layer_sizes': (118,), 'activation': 'tanh', 'solver': 'sgd', 'learning_rate_init': 0.0001, 'max_iter': 2000}",0.6686668129296475,
"{'hidden_layer_sizes': (118,), 'activation': 'tanh', 'solver': 'sgd', 'learning_rate_init': 0.001, 'max_iter': 500}",0.6691088001495213,
"{'hidden_layer_sizes': (118,), 'activation': 'tanh', 'solver': 'sgd', 'learning_rate_init': 0.001, 'max_iter': 1000}",0.6734977939631627,
"{'hidden_layer_sizes': (118,), 'activation': 'tanh', 'solver': 'sgd', 'learning_rate_init': 0.001, 'max_iter': 1500}",0.6734977939631627,
"{'hidden_layer_sizes': (118,), 'activation': 'tanh', 'solver': 'sgd', 'learning_rate_init': 0.001, 'max_iter': 2000}",0.6734977939631627,
"{'hidden_layer_sizes': (118,), 'activation': 'tanh', 'solver': 'sgd', 'learning_rate_init': 0.01, 'max_iter': 500}",0.6651259425263208,
"{'hidden_layer_sizes': (118,), 'activation': 'tanh', 'solver': 'sgd', 'learning_rate_init': 0.01, 'max_iter': 1000}",0.6651259425263208,
"{'hidden_layer_sizes': (118,), 'activation': 'tanh', 'solver': 'sgd', 'learning_rate_init': 0.01, 'max_iter': 1500}",0.6651259425263208,
"{'hidden_layer_sizes': (118,), 'activation': 'tanh', 'solver': 'sgd', 'learning_rate_init': 0.01, 'max_iter': 2000}",0.6651259425263208,
"{'hidden_layer_sizes': (118,), 'activation': 'tanh', 'solver': 'sgd', 'learning_rate_init': 0.1, 'max_iter': 500}",0.6400103882157947,
"{'hidden_layer_sizes': (118,), 'activation': 'tanh', 'solver': 'sgd', 'learning_rate_init': 0.1, 'max_iter': 1000}",0.6400103882157947,
"{'hidden_layer_sizes': (118,), 'activation': 'tanh', 'solver': 'sgd', 'learning_rate_init': 0.1, 'max_iter': 1500}",0.6400103882157947,
"{'hidden_layer_sizes': (118,), 'activation': 'tanh', 'solver': 'sgd', 'learning_rate_init': 0.1, 'max_iter': 2000}",0.6400103882157947,
"{'hidden_layer_sizes': (118,), 'activation': 'tanh', 'solver': 'adam', 'learning_rate_init': 0.0001, 'max_iter': 500}",0.6691088001495213,
"{'hidden_layer_sizes': (118,), 'activation': 'tanh', 'solver': 'adam', 'learning_rate_init': 0.0001, 'max_iter': 1000}",0.6734977939631627,
"{'hidden_layer_sizes': (118,), 'activation': 'tanh', 'solver': 'adam', 'learning_rate_init': 0.0001, 'max_iter': 1500}",0.6734977939631627,
"{'hidden_layer_sizes': (118,), 'activation': 'tanh', 'solver': 'adam', 'learning_rate_init': 0.0001, 'max_iter': 2000}",0.6734977939631627,
"{'hidden_layer_sizes': (118,), 'activation': 'tanh', 'solver': 'adam', 'learning_rate_init': 0.001, 'max_iter': 500}",0.6607318077482435,
"{'hidden_layer_sizes': (118,), 'activation': 'tanh', 'solver': 'adam', 'learning_rate_init': 0.001, 'max_iter': 1000}",0.6607318077482435,
"{'hidden_layer_sizes': (118,), 'activation': 'tanh', 'solver': 'adam', 'learning_rate_init': 0.001, 'max_iter': 1500}",0.6607318077482435,
"{'hidden_layer_sizes': (118,), 'activation': 'tanh', 'solver': 'adam', 'learning_rate_init': 0.001, 'max_iter': 2000}",0.6607318077482435,
"{'hidden_layer_sizes': (118,), 'activation': 'tanh', 'solver': 'adam', 'learning_rate_init': 0.01, 'max_iter': 500}",0.6280588118823414,
"{'hidden_layer_sizes': (118,), 'activation': 'tanh', 'solver': 'adam', 'learning_rate_init': 0.01, 'max_iter': 1000}",0.6280588118823414,
"{'hidden_layer_sizes': (118,), 'activation': 'tanh', 'solver': 'adam', 'learning_rate_init': 0.01, 'max_iter': 1500}",0.6280588118823414,
"{'hidden_layer_sizes': (118,), 'activation': 'tanh', 'solver': 'adam', 'learning_rate_init': 0.01, 'max_iter': 2000}",0.6280588118823414,
"{'hidden_layer_sizes': (118,), 'activation': 'tanh', 'solver': 'adam', 'learning_rate_init': 0.1, 'max_iter': 500}",0.5989943431803897,
"{'hidden_layer_sizes': (118,), 'activation': 'tanh', 'solver': 'adam', 'learning_rate_init': 0.1, 'max_iter': 1000}",0.5989943431803897,
"{'hidden_layer_sizes': (118,), 'activation': 'tanh', 'solver': 'adam', 'learning_rate_init': 0.1, 'max_iter': 1500}",0.5989943431803897,
"{'hidden_layer_sizes': (118,), 'activation': 'tanh', 'solver': 'adam', 'learning_rate_init': 0.1, 'max_iter': 2000}",0.5989943431803897,
"{'hidden_layer_sizes': (118,), 'activation': 'relu', 'solver': 'sgd', 'learning_rate_init': 0.0001, 'max_iter': 500}",0.6655011655011656,
"{'hidden_layer_sizes': (118,), 'activation': 'relu', 'solver': 'sgd', 'learning_rate_init': 0.0001, 'max_iter': 1000}",0.6691088001495213,
"{'hidden_layer_sizes': (118,), 'activation': 'relu', 'solver': 'sgd', 'learning_rate_init': 0.0001, 'max_iter': 1500}",0.6395552749719416,
"{'hidden_layer_sizes': (118,), 'activation': 'relu', 'solver': 'sgd', 'learning_rate_init': 0.0001, 'max_iter': 2000}",0.6439778229456875,
"{'hidden_layer_sizes': (118,), 'activation': 'relu', 'solver': 'sgd', 'learning_rate_init': 0.001, 'max_iter': 500}",0.6655011655011656,
"{'hidden_layer_sizes': (118,), 'activation': 'relu', 'solver': 'sgd', 'learning_rate_init': 0.001, 'max_iter': 1000}",0.6655011655011656,
"{'hidden_layer_sizes': (118,), 'activation': 'relu', 'solver': 'sgd', 'learning_rate_init': 0.001, 'max_iter': 1500}",0.6655011655011656,
"{'hidden_layer_sizes': (118,), 'activation': 'relu', 'solver': 'sgd', 'learning_rate_init': 0.001, 'max_iter': 2000}",0.6655011655011656,
"{'hidden_layer_sizes': (118,), 'activation': 'relu', 'solver': 'sgd', 'learning_rate_init': 0.01, 'max_iter': 500}",0.6483822396526367,
"{'hidden_layer_sizes': (118,), 'activation': 'relu', 'solver': 'sgd', 'learning_rate_init': 0.01, 'max_iter': 1000}",0.6483822396526367,
"{'hidden_layer_sizes': (118,), 'activation': 'relu', 'solver': 'sgd', 'learning_rate_init': 0.01, 'max_iter': 1500}",0.6483822396526367,
"{'hidden_layer_sizes': (118,), 'activation': 'relu', 'solver': 'sgd', 'learning_rate_init': 0.01, 'max_iter': 2000}",0.6483822396526367,
"{'hidden_layer_sizes': (118,), 'activation': 'relu', 'solver': 'sgd', 'learning_rate_init': 0.1, 'max_iter': 500}",0.666108630952381,
"{'hidden_layer_sizes': (118,), 'activation': 'relu', 'solver': 'sgd', 'learning_rate_init': 0.1, 'max_iter': 1000}",0.666108630952381,
"{'hidden_layer_sizes': (118,), 'activation': 'relu', 'solver': 'sgd', 'learning_rate_init': 0.1, 'max_iter': 1500}",0.666108630952381,
"{'hidden_layer_sizes': (118,), 'activation': 'relu', 'solver': 'sgd', 'learning_rate_init': 0.1, 'max_iter': 2000}",0.666108630952381,
"{'hidden_layer_sizes': (118,), 'activation': 'relu', 'solver': 'adam', 'learning_rate_init': 0.0001, 'max_iter': 500}",0.6624354111936533,
"{'hidden_layer_sizes': (118,), 'activation': 'relu', 'solver': 'adam', 'learning_rate_init': 0.0001, 'max_iter': 1000}",0.6624354111936533,
"{'hidden_layer_sizes': (118,), 'activation': 'relu', 'solver': 'adam', 'learning_rate_init': 0.0001, 'max_iter': 1500}",0.6624354111936533,
"{'hidden_layer_sizes': (118,), 'activation': 'relu', 'solver': 'adam', 'learning_rate_init': 0.0001, 'max_iter': 2000}",0.6624354111936533,
"{'hidden_layer_sizes': (118,), 'activation': 'relu', 'solver': 'adam', 'learning_rate_init': 0.001, 'max_iter': 500}",0.6500973303670745,
"{'hidden_layer_sizes': (118,), 'activation': 'relu', 'solver': 'adam', 'learning_rate_init': 0.001, 'max_iter': 1000}",0.6500973303670745,
"{'hidden_layer_sizes': (118,), 'activation': 'relu', 'solver': 'adam', 'learning_rate_init': 0.001, 'max_iter': 1500}",0.6500973303670745,
"{'hidden_layer_sizes': (118,), 'activation': 'relu', 'solver': 'adam', 'learning_rate_init': 0.001, 'max_iter': 2000}",0.6500973303670745,
"{'hidden_layer_sizes': (118,), 'activation': 'relu', 'solver': 'adam', 'learning_rate_init': 0.01, 'max_iter': 500}",0.6376321821117884,
"{'hidden_layer_sizes': (118,), 'activation': 'relu', 'solver': 'adam', 'learning_rate_init': 0.01, 'max_iter': 1000}",0.6376321821117884,
"{'hidden_layer_sizes': (118,), 'activation': 'relu', 'solver': 'adam', 'learning_rate_init': 0.01, 'max_iter': 1500}",0.6376321821117884,
"{'hidden_layer_sizes': (118,), 'activation': 'relu', 'solver': 'adam', 'learning_rate_init': 0.01, 'max_iter': 2000}",0.6376321821117884,
"{'hidden_layer_sizes': (118,), 'activation': 'relu', 'solver': 'adam', 'learning_rate_init': 0.1, 'max_iter': 500}",0.6038986126304458,
"{'hidden_layer_sizes': (118,), 'activation': 'relu', 'solver': 'adam', 'learning_rate_init': 0.1, 'max_iter': 1000}",0.6038986126304458,
"{'hidden_layer_sizes': (118,), 'activation': 'relu', 'solver': 'adam', 'learning_rate_init': 0.1, 'max_iter': 1500}",0.6038986126304458,
"{'hidden_layer_sizes': (118,), 'activation': 'relu', 'solver': 'adam', 'learning_rate_init': 0.1, 'max_iter': 2000}",0.6038986126304458,
"{'hidden_layer_sizes': (118, 118), 'activation': 'identity', 'solver': 'sgd', 'learning_rate_init': 0.0001, 'max_iter': 500}",0.666108630952381,
"{'hidden_layer_sizes': (118, 118), 'activation': 'identity', 'solver': 'sgd', 'learning_rate_init': 0.0001, 'max_iter': 1000}",0.666108630952381,
"{'hidden_layer_sizes': (118, 118), 'activation': 'identity', 'solver': 'sgd', 'learning_rate_init': 0.0001, 'max_iter': 1500}",0.666108630952381,
"{'hidden_layer_sizes': (118, 118), 'activation': 'identity', 'solver': 'sgd', 'learning_rate_init': 0.0001, 'max_iter': 2000}",0.666108630952381,
"{'hidden_layer_sizes': (118, 118), 'activation': 'identity', 'solver': 'sgd', 'learning_rate_init': 0.001, 'max_iter': 500}",0.6655011655011656,
"{'hidden_layer_sizes': (118, 118), 'activation': 'identity', 'solver': 'sgd', 'learning_rate_init': 0.001, 'max_iter': 1000}",0.6655011655011656,
"{'hidden_layer_sizes': (118, 118), 'activation': 'identity', 'solver': 'sgd', 'learning_rate_init': 0.001, 'max_iter': 1500}",0.6655011655011656,
"{'hidden_layer_sizes': (118, 118), 'activation': 'identity', 'solver': 'sgd', 'learning_rate_init': 0.001, 'max_iter': 2000}",0.6655011655011656,
"{'hidden_layer_sizes': (118, 118), 'activation': 'identity', 'solver': 'sgd', 'learning_rate_init': 0.01, 'max_iter': 500}",0.649120050282841,
"{'hidden_layer_sizes': (118, 118), 'activation': 'identity', 'solver': 'sgd', 'learning_rate_init': 0.01, 'max_iter': 1000}",0.649120050282841,
"{'hidden_layer_sizes': (118, 118), 'activation': 'identity', 'solver': 'sgd', 'learning_rate_init': 0.01, 'max_iter': 1500}",0.649120050282841,
"{'hidden_layer_sizes': (118, 118), 'activation': 'identity', 'solver': 'sgd', 'learning_rate_init': 0.01, 'max_iter': 2000}",0.649120050282841,
"{'hidden_layer_sizes': (118, 118), 'activation': 'identity', 'solver': 'sgd', 'learning_rate_init': 0.1, 'max_iter': 500}",,Solver produced non-finite parameter weights. The input data may contain large values and need to be preprocessed.
"{'hidden_layer_sizes': (118, 118), 'activation': 'identity', 'solver': 'sgd', 'learning_rate_init': 0.1, 'max_iter': 1000}",,Solver produced non-finite parameter weights. The input data may contain large values and need to be preprocessed.
"{'hidden_layer_sizes': (118, 118), 'activation': 'identity', 'solver': 'sgd', 'learning_rate_init': 0.1, 'max_iter': 1500}",,Solver produced non-finite parameter weights. The input data may contain large values and need to be preprocessed.
"{'hidden_layer_sizes': (118, 118), 'activation': 'identity', 'solver': 'sgd', 'learning_rate_init': 0.1, 'max_iter': 2000}",,Solver produced non-finite parameter weights. The input data may contain large values and need to be preprocessed.
"{'hidden_layer_sizes': (118, 118), 'activation': 'identity', 'solver': 'adam', 'learning_rate_init': 0.0001, 'max_iter': 500}",0.6614917276681982,
"{'hidden_layer_sizes': (118, 118), 'activation': 'identity', 'solver': 'adam', 'learning_rate_init': 0.0001, 'max_iter': 1000}",0.6614917276681982,
"{'hidden_layer_sizes': (118, 118), 'activation': 'identity', 'solver': 'adam', 'learning_rate_init': 0.0001, 'max_iter': 1500}",0.6614917276681982,
"{'hidden_layer_sizes': (118, 118), 'activation': 'identity', 'solver': 'adam', 'learning_rate_init': 0.0001, 'max_iter': 2000}",0.6614917276681982,
"{'hidden_layer_sizes': (118, 118), 'activation': 'identity', 'solver': 'adam', 'learning_rate_init': 0.001, 'max_iter': 500}",0.6407657657657657,
"{'hidden_layer_sizes': (118, 118), 'activation': 'identity', 'solver': 'adam', 'learning_rate_init': 0.001, 'max_iter': 1000}",0.6407657657657657,
"{'hidden_layer_sizes': (118, 118), 'activation': 'identity', 'solver': 'adam', 'learning_rate_init': 0.001, 'max_iter': 1500}",0.6407657657657657,
"{'hidden_layer_sizes': (118, 118), 'activation': 'identity', 'solver': 'adam', 'learning_rate_init': 0.001, 'max_iter': 2000}",0.6407657657657657,
"{'hidden_layer_sizes': (118, 118), 'activation': 'identity', 'solver': 'adam', 'learning_rate_init': 0.01, 'max_iter': 500}",0.6574743347999162,
"{'hidden_layer_sizes': (118, 118), 'activation': 'identity', 'solver': 'adam', 'learning_rate_init': 0.01, 'max_iter': 1000}",0.6574743347999162,
"{'hidden_layer_sizes': (118, 118), 'activation': 'identity', 'solver': 'adam', 'learning_rate_init': 0.01, 'max_iter': 1500}",0.6574743347999162,
"{'hidden_layer_sizes': (118, 118), 'activation': 'identity', 'solver': 'adam', 'learning_rate_init': 0.01, 'max_iter': 2000}",0.6574743347999162,
"{'hidden_layer_sizes': (118, 118), 'activation': 'identity', 'solver': 'adam', 'learning_rate_init': 0.1, 'max_iter': 500}",0.6487762237762238,
"{'hidden_layer_sizes': (118, 118), 'activation': 'identity', 'solver': 'adam', 'learning_rate_init': 0.1, 'max_iter': 1000}",0.6487762237762238,
"{'hidden_layer_sizes': (118, 118), 'activation': 'identity', 'solver': 'adam', 'learning_rate_init': 0.1, 'max_iter': 1500}",0.6487762237762238,
"{'hidden_layer_sizes': (118, 118), 'activation': 'identity', 'solver': 'adam', 'learning_rate_init': 0.1, 'max_iter': 2000}",0.6487762237762238,
"{'hidden_layer_sizes': (118, 118), 'activation': 'logistic', 'solver': 'sgd', 'learning_rate_init': 0.0001, 'max_iter': 500}",0.39797369833601715,
"{'hidden_layer_sizes': (118, 118), 'activation': 'logistic', 'solver': 'sgd', 'learning_rate_init': 0.0001, 'max_iter': 1000}",0.39797369833601715,
"{'hidden_layer_sizes': (118, 118), 'activation': 'logistic', 'solver': 'sgd', 'learning_rate_init': 0.0001, 'max_iter': 1500}",0.39797369833601715,
"{'hidden_layer_sizes': (118, 118), 'activation': 'logistic', 'solver': 'sgd', 'learning_rate_init': 0.0001, 'max_iter': 2000}",0.39797369833601715,
"{'hidden_layer_sizes': (118, 118), 'activation': 'logistic', 'solver': 'sgd', 'learning_rate_init': 0.001, 'max_iter': 500}",0.3207258520052721,
"{'hidden_layer_sizes': (118, 118), 'activation': 'logistic', 'solver': 'sgd', 'learning_rate_init': 0.001, 'max_iter': 1000}",0.3207258520052721,
"{'hidden_layer_sizes': (118, 118), 'activation': 'logistic', 'solver': 'sgd', 'learning_rate_init': 0.001, 'max_iter': 1500}",0.3207258520052721,
"{'hidden_layer_sizes': (118, 118), 'activation': 'logistic', 'solver': 'sgd', 'learning_rate_init': 0.001, 'max_iter': 2000}",0.3207258520052721,
"{'hidden_layer_sizes': (118, 118), 'activation': 'logistic', 'solver': 'sgd', 'learning_rate_init': 0.01, 'max_iter': 500}",0.6455928273348308,
"{'hidden_layer_sizes': (118, 118), 'activation': 'logistic', 'solver': 'sgd', 'learning_rate_init': 0.01, 'max_iter': 1000}",0.6455928273348308,
"{'hidden_layer_sizes': (118, 118), 'activation': 'logistic', 'solver': 'sgd', 'learning_rate_init': 0.01, 'max_iter': 1500}",0.6455928273348308,
"{'hidden_layer_sizes': (118, 118), 'activation': 'logistic', 'solver': 'sgd', 'learning_rate_init': 0.01, 'max_iter': 2000}",0.6455928273348308,
"{'hidden_layer_sizes': (118, 118), 'activation': 'logistic', 'solver': 'sgd', 'learning_rate_init': 0.1, 'max_iter': 500}",0.65,
"{'hidden_layer_sizes': (118, 118), 'activation': 'logistic', 'solver': 'sgd', 'learning_rate_init': 0.1, 'max_iter': 1000}",0.65,
"{'hidden_layer_sizes': (118, 118), 'activation': 'logistic', 'solver': 'sgd', 'learning_rate_init': 0.1, 'max_iter': 1500}",0.65,
"{'hidden_layer_sizes': (118, 118), 'activation': 'logistic', 'solver': 'sgd', 'learning_rate_init': 0.1, 'max_iter': 2000}",0.65,
"{'hidden_layer_sizes': (118, 118), 'activation': 'logistic', 'solver': 'adam', 'learning_rate_init': 0.0001, 'max_iter': 500}",0.6246341718347154,
"{'hidden_layer_sizes': (118, 118), 'activation': 'logistic', 'solver': 'adam', 'learning_rate_init': 0.0001, 'max_iter': 1000}",0.62484335839599,
"{'hidden_layer_sizes': (118, 118), 'activation': 'logistic', 'solver': 'adam', 'learning_rate_init': 0.0001, 'max_iter': 1500}",0.62484335839599,
"{'hidden_layer_sizes': (118, 118), 'activation': 'logistic', 'solver': 'adam', 'learning_rate_init': 0.0001, 'max_iter': 2000}",0.62484335839599,
"{'hidden_layer_sizes': (118, 118), 'activation': 'logistic', 'solver': 'adam', 'learning_rate_init': 0.001, 'max_iter': 500}",0.6333333333333333,
"{'hidden_layer_sizes': (118, 118), 'activation': 'logistic', 'solver': 'adam', 'learning_rate_init': 0.001, 'max_iter': 1000}",0.6333333333333333,
"{'hidden_layer_sizes': (118, 118), 'activation': 'logistic', 'solver': 'adam', 'learning_rate_init': 0.001, 'max_iter': 1500}",0.6333333333333333,
"{'hidden_layer_sizes': (118, 118), 'activation': 'logistic', 'solver': 'adam', 'learning_rate_init': 0.001, 'max_iter': 2000}",0.6333333333333333,
"{'hidden_layer_sizes': (118, 118), 'activation': 'logistic', 'solver': 'adam', 'learning_rate_init': 0.01, 'max_iter': 500}",0.6453703703703704,
"{'hidden_layer_sizes': (118, 118), 'activation': 'logistic', 'solver': 'adam', 'learning_rate_init': 0.01, 'max_iter': 1000}",0.6453703703703704,
"{'hidden_layer_sizes': (118, 118), 'activation': 'logistic', 'solver': 'adam', 'learning_rate_init': 0.01, 'max_iter': 1500}",0.6453703703703704,
"{'hidden_layer_sizes': (118, 118), 'activation': 'logistic', 'solver': 'adam', 'learning_rate_init': 0.01, 'max_iter': 2000}",0.6453703703703704,
"{'hidden_layer_sizes': (118, 118), 'activation': 'logistic', 'solver': 'adam', 'learning_rate_init': 0.1, 'max_iter': 500}",0.6577613467261905,
"{'hidden_layer_sizes': (118, 118), 'activation': 'logistic', 'solver': 'adam', 'learning_rate_init': 0.1, 'max_iter': 1000}",0.6577613467261905,
"{'hidden_layer_sizes': (118, 118), 'activation': 'logistic', 'solver': 'adam', 'learning_rate_init': 0.1, 'max_iter': 1500}",0.6577613467261905,
"{'hidden_layer_sizes': (118, 118), 'activation': 'logistic', 'solver': 'adam', 'learning_rate_init': 0.1, 'max_iter': 2000}",0.6577613467261905,
"{'hidden_layer_sizes': (118, 118), 'activation': 'tanh', 'solver': 'sgd', 'learning_rate_init': 0.0001, 'max_iter': 500}",0.6563201459034793,
"{'hidden_layer_sizes': (118, 118), 'activation': 'tanh', 'solver': 'sgd', 'learning_rate_init': 0.0001, 'max_iter': 1000}",0.6734977939631627,
"{'hidden_layer_sizes': (118, 118), 'activation': 'tanh', 'solver': 'sgd', 'learning_rate_init': 0.0001, 'max_iter': 1500}",0.6614917276681982,
"{'hidden_layer_sizes': (118, 118), 'activation': 'tanh', 'solver': 'sgd', 'learning_rate_init': 0.0001, 'max_iter': 2000}",0.6571386946386947,
"{'hidden_layer_sizes': (118, 118), 'activation': 'tanh', 'solver': 'sgd', 'learning_rate_init': 0.001, 'max_iter': 500}",0.6704030501089324,
"{'hidden_layer_sizes': (118, 118), 'activation': 'tanh', 'solver': 'sgd', 'learning_rate_init': 0.001, 'max_iter': 1000}",0.6704030501089324,
"{'hidden_layer_sizes': (118, 118), 'activation': 'tanh', 'solver': 'sgd', 'learning_rate_init': 0.001, 'max_iter': 1500}",0.6704030501089324,
"{'hidden_layer_sizes': (118, 118), 'activation': 'tanh', 'solver': 'sgd', 'learning_rate_init': 0.001, 'max_iter': 2000}",0.6704030501089324,
"{'hidden_layer_sizes': (118, 118), 'activation': 'tanh', 'solver': 'sgd', 'learning_rate_init': 0.01, 'max_iter': 500}",0.682803199404762,
"{'hidden_layer_sizes': (118, 118), 'activation': 'tanh', 'solver': 'sgd', 'learning_rate_init': 0.01, 'max_iter': 1000}",0.682803199404762,
"{'hidden_layer_sizes': (118, 118), 'activation': 'tanh', 'solver': 'sgd', 'learning_rate_init': 0.01, 'max_iter': 1500}",0.682803199404762,
"{'hidden_layer_sizes': (118, 118), 'activation': 'tanh', 'solver': 'sgd', 'learning_rate_init': 0.01, 'max_iter': 2000}",0.682803199404762,
"{'hidden_layer_sizes': (118, 118), 'activation': 'tanh', 'solver': 'sgd', 'learning_rate_init': 0.1, 'max_iter': 500}",0.6741829038340666,
"{'hidden_layer_sizes': (118, 118), 'activation': 'tanh', 'solver': 'sgd', 'learning_rate_init': 0.1, 'max_iter': 1000}",0.6741829038340666,
"{'hidden_layer_sizes': (118, 118), 'activation': 'tanh', 'solver': 'sgd', 'learning_rate_init': 0.1, 'max_iter': 1500}",0.6741829038340666,
"{'hidden_layer_sizes': (118, 118), 'activation': 'tanh', 'solver': 'sgd', 'learning_rate_init': 0.1, 'max_iter': 2000}",0.6741829038340666,
"{'hidden_layer_sizes': (118, 118), 'activation': 'tanh', 'solver': 'adam', 'learning_rate_init': 0.0001, 'max_iter': 500}",0.6744559151785714,
"{'hidden_layer_sizes': (118, 118), 'activation': 'tanh', 'solver': 'adam', 'learning_rate_init': 0.0001, 'max_iter': 1000}",0.6744559151785714,
"{'hidden_layer_sizes': (118, 118), 'activation': 'tanh', 'solver': 'adam', 'learning_rate_init': 0.0001, 'max_iter': 1500}",0.6744559151785714,
"{'hidden_layer_sizes': (118, 118), 'activation': 'tanh', 'solver': 'adam', 'learning_rate_init': 0.0001, 'max_iter': 2000}",0.6744559151785714,
"{'hidden_layer_sizes': (118, 118), 'activation': 'tanh', 'solver': 'adam', 'learning_rate_init': 0.001, 'max_iter': 500}",0.6915378724589251,
"{'hidden_layer_sizes': (118, 118), 'activation': 'tanh', 'solver': 'adam', 'learning_rate_init': 0.001, 'max_iter': 1000}",0.6915378724589251,
"{'hidden_layer_sizes': (118, 118), 'activation': 'tanh', 'solver': 'adam', 'learning_rate_init': 0.001, 'max_iter': 1500}",0.6915378724589251,
"{'hidden_layer_sizes': (118, 118), 'activation': 'tanh', 'solver': 'adam', 'learning_rate_init': 0.001, 'max_iter': 2000}",0.6915378724589251,
"{'hidden_layer_sizes': (118, 118), 'activation': 'tanh', 'solver': 'adam', 'learning_rate_init': 0.01, 'max_iter': 500}",0.6620588235294118,
"{'hidden_layer_sizes': (118, 118), 'activation': 'tanh', 'solver': 'adam', 'learning_rate_init': 0.01, 'max_iter': 1000}",0.6620588235294118,
"{'hidden_layer_sizes': (118, 118), 'activation': 'tanh', 'solver': 'adam', 'learning_rate_init': 0.01, 'max_iter': 1500}",0.6620588235294118,
"{'hidden_layer_sizes': (118, 118), 'activation': 'tanh', 'solver': 'adam', 'learning_rate_init': 0.01, 'max_iter': 2000}",0.6620588235294118,
"{'hidden_layer_sizes': (118, 118), 'activation': 'tanh', 'solver': 'adam', 'learning_rate_init': 0.1, 'max_iter': 500}",0.6868511280556961,
"{'hidden_layer_sizes': (118, 118), 'activation': 'tanh', 'solver': 'adam', 'learning_rate_init': 0.1, 'max_iter': 1000}",0.6868511280556961,
"{'hidden_layer_sizes': (118, 118), 'activation': 'tanh', 'solver': 'adam', 'learning_rate_init': 0.1, 'max_iter': 1500}",0.6868511280556961,
"{'hidden_layer_sizes': (118, 118), 'activation': 'tanh', 'solver': 'adam', 'learning_rate_init': 0.1, 'max_iter': 2000}",0.6868511280556961,
"{'hidden_layer_sizes': (118, 118), 'activation': 'relu', 'solver': 'sgd', 'learning_rate_init': 0.0001, 'max_iter': 500}",0.6663414860753024,
"{'hidden_layer_sizes': (118, 118), 'activation': 'relu', 'solver': 'sgd', 'learning_rate_init': 0.0001, 'max_iter': 1000}",0.6911504836309523,
"{'hidden_layer_sizes': (118, 118), 'activation': 'relu', 'solver': 'sgd', 'learning_rate_init': 0.0001, 'max_iter': 1500}",0.6787472766884531,
"{'hidden_layer_sizes': (118, 118), 'activation': 'relu', 'solver': 'sgd', 'learning_rate_init': 0.0001, 'max_iter': 2000}",0.67468294892342,
"{'hidden_layer_sizes': (118, 118), 'activation': 'relu', 'solver': 'sgd', 'learning_rate_init': 0.001, 'max_iter': 500}",0.6748642439431914,
"{'hidden_layer_sizes': (118, 118), 'activation': 'relu', 'solver': 'sgd', 'learning_rate_init': 0.001, 'max_iter': 1000}",0.6748642439431914,
"{'hidden_layer_sizes': (118, 118), 'activation': 'relu', 'solver': 'sgd', 'learning_rate_init': 0.001, 'max_iter': 1500}",0.6748642439431914,
"{'hidden_layer_sizes': (118, 118), 'activation': 'relu', 'solver': 'sgd', 'learning_rate_init': 0.001, 'max_iter': 2000}",0.6748642439431914,
"{'hidden_layer_sizes': (118, 118), 'activation': 'relu', 'solver': 'sgd', 'learning_rate_init': 0.01, 'max_iter': 500}",0.6789487965268467,
"{'hidden_layer_sizes': (118, 118), 'activation': 'relu', 'solver': 'sgd', 'learning_rate_init': 0.01, 'max_iter': 1000}",0.6789487965268467,
"{'hidden_layer_sizes': (118, 118), 'activation': 'relu', 'solver': 'sgd', 'learning_rate_init': 0.01, 'max_iter': 1500}",0.6789487965268467,
"{'hidden_layer_sizes': (118, 118), 'activation': 'relu', 'solver': 'sgd', 'learning_rate_init': 0.01, 'max_iter': 2000}",0.6789487965268467,
"{'hidden_layer_sizes': (118, 118), 'activation': 'relu', 'solver': 'sgd', 'learning_rate_init': 0.1, 'max_iter': 500}",0.6563201459034793,
"{'hidden_layer_sizes': (118, 118), 'activation': 'relu', 'solver': 'sgd', 'learning_rate_init': 0.1, 'max_iter': 1000}",0.6563201459034793,
"{'hidden_layer_sizes': (118, 118), 'activation': 'relu', 'solver': 'sgd', 'learning_rate_init': 0.1, 'max_iter': 1500}",0.6563201459034793,
"{'hidden_layer_sizes': (118, 118), 'activation': 'relu', 'solver': 'sgd', 'learning_rate_init': 0.1, 'max_iter': 2000}",0.6563201459034793,
"{'hidden_layer_sizes': (118, 118), 'activation': 'relu', 'solver': 'adam', 'learning_rate_init': 0.0001, 'max_iter': 500}",0.6825371883511419,
"{'hidden_layer_sizes': (118, 118), 'activation': 'relu', 'solver': 'adam', 'learning_rate_init': 0.0001, 'max_iter': 1000}",0.6825371883511419,
"{'hidden_layer_sizes': (118, 118), 'activation': 'relu', 'solver': 'adam', 'learning_rate_init': 0.0001, 'max_iter': 1500}",0.6825371883511419,
"{'hidden_layer_sizes': (118, 118), 'activation': 'relu', 'solver': 'adam', 'learning_rate_init': 0.0001, 'max_iter': 2000}",0.6825371883511419,
"{'hidden_layer_sizes': (118, 118), 'activation': 'relu', 'solver': 'adam', 'learning_rate_init': 0.001, 'max_iter': 500}",0.6663414860753024,
"{'hidden_layer_sizes': (118, 118), 'activation': 'relu', 'solver': 'adam', 'learning_rate_init': 0.001, 'max_iter': 1000}",0.6663414860753024,
"{'hidden_layer_sizes': (118, 118), 'activation': 'relu', 'solver': 'adam', 'learning_rate_init': 0.001, 'max_iter': 1500}",0.6663414860753024,
"{'hidden_layer_sizes': (118, 118), 'activation': 'relu', 'solver': 'adam', 'learning_rate_init': 0.001, 'max_iter': 2000}",0.6663414860753024,
"{'hidden_layer_sizes': (118, 118), 'activation': 'relu', 'solver': 'adam', 'learning_rate_init': 0.01, 'max_iter': 500}",0.6701498548853332,
"{'hidden_layer_sizes': (118, 118), 'activation': 'relu', 'solver': 'adam', 'learning_rate_init': 0.01, 'max_iter': 1000}",0.6701498548853332,
"{'hidden_layer_sizes': (118, 118), 'activation': 'relu', 'solver': 'adam', 'learning_rate_init': 0.01, 'max_iter': 1500}",0.6701498548853332,
"{'hidden_layer_sizes': (118, 118), 'activation': 'relu', 'solver': 'adam', 'learning_rate_init': 0.01, 'max_iter': 2000}",0.6701498548853332,
"{'hidden_layer_sizes': (118, 118), 'activation': 'relu', 'solver': 'adam', 'learning_rate_init': 0.1, 'max_iter': 500}",0.3104460093896714,
"{'hidden_layer_sizes': (118, 118), 'activation': 'relu', 'solver': 'adam', 'learning_rate_init': 0.1, 'max_iter': 1000}",0.3104460093896714,
"{'hidden_layer_sizes': (118, 118), 'activation': 'relu', 'solver': 'adam', 'learning_rate_init': 0.1, 'max_iter': 1500}",0.3104460093896714,
"{'hidden_layer_sizes': (118, 118), 'activation': 'relu', 'solver': 'adam', 'learning_rate_init': 0.1, 'max_iter': 2000}",0.3104460093896714,
"{'hidden_layer_sizes': (118, 118, 118), 'activation': 'identity', 'solver': 'sgd', 'learning_rate_init': 0.0001, 'max_iter': 500}",0.6655011655011656,
"{'hidden_layer_sizes': (118, 118, 118), 'activation': 'identity', 'solver': 'sgd', 'learning_rate_init': 0.0001, 'max_iter': 1000}",0.6698499566146625,
"{'hidden_layer_sizes': (118, 118, 118), 'activation': 'identity', 'solver': 'sgd', 'learning_rate_init': 0.0001, 'max_iter': 1500}",0.6698499566146625,
"{'hidden_layer_sizes': (118, 118, 118), 'activation': 'identity', 'solver': 'sgd', 'learning_rate_init': 0.0001, 'max_iter': 2000}",0.6698499566146625,
"{'hidden_layer_sizes': (118, 118, 118), 'activation': 'identity', 'solver': 'sgd', 'learning_rate_init': 0.001, 'max_iter': 500}",0.6447752697752698,
"{'hidden_layer_sizes': (118, 118, 118), 'activation': 'identity', 'solver': 'sgd', 'learning_rate_init': 0.001, 'max_iter': 1000}",0.6447752697752698,
"{'hidden_layer_sizes': (118, 118, 118), 'activation': 'identity', 'solver': 'sgd', 'learning_rate_init': 0.001, 'max_iter': 1500}",0.6447752697752698,
"{'hidden_layer_sizes': (118, 118, 118), 'activation': 'identity', 'solver': 'sgd', 'learning_rate_init': 0.001, 'max_iter': 2000}",0.6447752697752698,
"{'hidden_layer_sizes': (118, 118, 118), 'activation': 'identity', 'solver': 'sgd', 'learning_rate_init': 0.01, 'max_iter': 500}",0.6496585603790678,
"{'hidden_layer_sizes': (118, 118, 118), 'activation': 'identity', 'solver': 'sgd', 'learning_rate_init': 0.01, 'max_iter': 1000}",0.6496585603790678,
"{'hidden_layer_sizes': (118, 118, 118), 'activation': 'identity', 'solver': 'sgd', 'learning_rate_init': 0.01, 'max_iter': 1500}",0.6496585603790678,
"{'hidden_layer_sizes': (118, 118, 118), 'activation': 'identity', 'solver': 'sgd', 'learning_rate_init': 0.01, 'max_iter': 2000}",0.6496585603790678,
"{'hidden_layer_sizes': (118, 118, 118), 'activation': 'identity', 'solver': 'sgd', 'learning_rate_init': 0.1, 'max_iter': 500}",,Solver produced non-finite parameter weights. The input data may contain large values and need to be preprocessed.
"{'hidden_layer_sizes': (118, 118, 118), 'activation': 'identity', 'solver': 'sgd', 'learning_rate_init': 0.1, 'max_iter': 1000}",,Solver produced non-finite parameter weights. The input data may contain large values and need to be preprocessed.
"{'hidden_layer_sizes': (118, 118, 118), 'activation': 'identity', 'solver': 'sgd', 'learning_rate_init': 0.1, 'max_iter': 1500}",,Solver produced non-finite parameter weights. The input data may contain large values and need to be preprocessed.
"{'hidden_layer_sizes': (118, 118, 118), 'activation': 'identity', 'solver': 'sgd', 'learning_rate_init': 0.1, 'max_iter': 2000}",,Solver produced non-finite parameter weights. The input data may contain large values and need to be preprocessed.
"{'hidden_layer_sizes': (118, 118, 118), 'activation': 'identity', 'solver': 'adam', 'learning_rate_init': 0.0001, 'max_iter': 500}",0.653133498721734,
"{'hidden_layer_sizes': (118, 118, 118), 'activation': 'identity', 'solver': 'adam', 'learning_rate_init': 0.0001, 'max_iter': 1000}",0.653133498721734,
"{'hidden_layer_sizes': (118, 118, 118), 'activation': 'identity', 'solver': 'adam', 'learning_rate_init': 0.0001, 'max_iter': 1500}",0.653133498721734,
"{'hidden_layer_sizes': (118, 118, 118), 'activation': 'identity', 'solver': 'adam', 'learning_rate_init': 0.0001, 'max_iter': 2000}",0.653133498721734,
"{'hidden_layer_sizes': (118, 118, 118), 'activation': 'identity', 'solver': 'adam', 'learning_rate_init': 0.001, 'max_iter': 500}",0.6447752697752698,
"{'hidden_layer_sizes': (118, 118, 118), 'activation': 'identity', 'solver': 'adam', 'learning_rate_init': 0.001, 'max_iter': 1000}",0.6447752697752698,
"{'hidden_layer_sizes': (118, 118, 118), 'activation': 'identity', 'solver': 'adam', 'learning_rate_init': 0.001, 'max_iter': 1500}",0.6447752697752698,
"{'hidden_layer_sizes': (118, 118, 118), 'activation': 'identity', 'solver': 'adam', 'learning_rate_init': 0.001, 'max_iter': 2000}",0.6447752697752698,
"{'hidden_layer_sizes': (118, 118, 118), 'activation': 'identity', 'solver': 'adam', 'learning_rate_init': 0.01, 'max_iter': 500}",0.6695030528875593,
"{'hidden_layer_sizes': (118, 118, 118), 'activation': 'identity', 'solver': 'adam', 'learning_rate_init': 0.01, 'max_iter': 1000}",0.6695030528875593,
"{'hidden_layer_sizes': (118, 118, 118), 'activation': 'identity', 'solver': 'adam', 'learning_rate_init': 0.01, 'max_iter': 1500}",0.6695030528875593,
"{'hidden_layer_sizes': (118, 118, 118), 'activation': 'identity', 'solver': 'adam', 'learning_rate_init': 0.01, 'max_iter': 2000}",0.6695030528875593,
"{'hidden_layer_sizes': (118, 118, 118), 'activation': 'identity', 'solver': 'adam', 'learning_rate_init': 0.1, 'max_iter': 500}",0.6447752697752698,
"{'hidden_layer_sizes': (118, 118, 118), 'activation': 'identity', 'solver': 'adam', 'learning_rate_init': 0.1, 'max_iter': 1000}",0.6447752697752698,
"{'hidden_layer_sizes': (118, 118, 118), 'activation': 'identity', 'solver': 'adam', 'learning_rate_init': 0.1, 'max_iter': 1500}",0.6447752697752698,
"{'hidden_layer_sizes': (118, 118, 118), 'activation': 'identity', 'solver': 'adam', 'learning_rate_init': 0.1, 'max_iter': 2000}",0.6447752697752698,
"{'hidden_layer_sizes': (118, 118, 118), 'activation': 'logistic', 'solver': 'sgd', 'learning_rate_init': 0.0001, 'max_iter': 500}",0.3567351598173516,
"{'hidden_layer_sizes': (118, 118, 118), 'activation': 'logistic', 'solver': 'sgd', 'learning_rate_init': 0.0001, 'max_iter': 1000}",0.3567351598173516,
"{'hidden_layer_sizes': (118, 118, 118), 'activation': 'logistic', 'solver': 'sgd', 'learning_rate_init': 0.0001, 'max_iter': 1500}",0.3567351598173516,
"{'hidden_layer_sizes': (118, 118, 118), 'activation': 'logistic', 'solver': 'sgd', 'learning_rate_init': 0.0001, 'max_iter': 2000}",0.3567351598173516,
"{'hidden_layer_sizes': (118, 118, 118), 'activation': 'logistic', 'solver': 'sgd', 'learning_rate_init': 0.001, 'max_iter': 500}",0.3104460093896714,
"{'hidden_layer_sizes': (118, 118, 118), 'activation': 'logistic', 'solver': 'sgd', 'learning_rate_init': 0.001, 'max_iter': 1000}",0.3104460093896714,
"{'hidden_layer_sizes': (118, 118, 118), 'activation': 'logistic', 'solver': 'sgd', 'learning_rate_init': 0.001, 'max_iter': 1500}",0.3104460093896714,
"{'hidden_layer_sizes': (118, 118, 118), 'activation': 'logistic', 'solver': 'sgd', 'learning_rate_init': 0.001, 'max_iter': 2000}",0.3104460093896714,
"{'hidden_layer_sizes': (118, 118, 118), 'activation': 'logistic', 'solver': 'sgd', 'learning_rate_init': 0.01, 'max_iter': 500}",0.3104460093896714,
"{'hidden_layer_sizes': (118, 118, 118), 'activation': 'logistic', 'solver': 'sgd', 'learning_rate_init': 0.01, 'max_iter': 1000}",0.3104460093896714,
"{'hidden_layer_sizes': (118, 118, 118), 'activation': 'logistic', 'solver': 'sgd', 'learning_rate_init': 0.01, 'max_iter': 1500}",0.3104460093896714,
"{'hidden_layer_sizes': (118, 118, 118), 'activation': 'logistic', 'solver': 'sgd', 'learning_rate_init': 0.01, 'max_iter': 2000}",0.3104460093896714,
"{'hidden_layer_sizes': (118, 118, 118), 'activation': 'logistic', 'solver': 'sgd', 'learning_rate_init': 0.1, 'max_iter': 500}",0.6748642439431914,
"{'hidden_layer_sizes': (118, 118, 118), 'activation': 'logistic', 'solver': 'sgd', 'learning_rate_init': 0.1, 'max_iter': 1000}",0.6748642439431914,
"{'hidden_layer_sizes': (118, 118, 118), 'activation': 'logistic', 'solver': 'sgd', 'learning_rate_init': 0.1, 'max_iter': 1500}",0.6748642439431914,
"{'hidden_layer_sizes': (118, 118, 118), 'activation': 'logistic', 'solver': 'sgd', 'learning_rate_init': 0.1, 'max_iter': 2000}",0.6748642439431914,
"{'hidden_layer_sizes': (118, 118, 118), 'activation': 'logistic', 'solver': 'adam', 'learning_rate_init': 0.0001, 'max_iter': 500}",0.6329756346828328,
"{'hidden_layer_sizes': (118, 118, 118), 'activation': 'logistic', 'solver': 'adam', 'learning_rate_init': 0.0001, 'max_iter': 1000}",0.6329756346828328,
"{'hidden_layer_sizes': (118, 118, 118), 'activation': 'logistic', 'solver': 'adam', 'learning_rate_init': 0.0001, 'max_iter': 1500}",0.6329756346828328,
"{'hidden_layer_sizes': (118, 118, 118), 'activation': 'logistic', 'solver': 'adam', 'learning_rate_init': 0.0001, 'max_iter': 2000}",0.6329756346828328,
"{'hidden_layer_sizes': (118, 118, 118), 'activation': 'logistic', 'solver': 'adam', 'learning_rate_init': 0.001, 'max_iter': 500}",0.6207607706002772,
"{'hidden_layer_sizes': (118, 118, 118), 'activation': 'logistic', 'solver': 'adam', 'learning_rate_init': 0.001, 'max_iter': 1000}",0.6207607706002772,
"{'hidden_layer_sizes': (118, 118, 118), 'activation': 'logistic', 'solver': 'adam', 'learning_rate_init': 0.001, 'max_iter': 1500}",0.6207607706002772,
"{'hidden_layer_sizes': (118, 118, 118), 'activation': 'logistic', 'solver': 'adam', 'learning_rate_init': 0.001, 'max_iter': 2000}",0.6207607706002772,
"{'hidden_layer_sizes': (118, 118, 118), 'activation': 'logistic', 'solver': 'adam', 'learning_rate_init': 0.01, 'max_iter': 500}",0.6584757834757835,
"{'hidden_layer_sizes': (118, 118, 118), 'activation': 'logistic', 'solver': 'adam', 'learning_rate_init': 0.01, 'max_iter': 1000}",0.6584757834757835,
"{'hidden_layer_sizes': (118, 118, 118), 'activation': 'logistic', 'solver': 'adam', 'learning_rate_init': 0.01, 'max_iter': 1500}",0.6584757834757835,
"{'hidden_layer_sizes': (118, 118, 118), 'activation': 'logistic', 'solver': 'adam', 'learning_rate_init': 0.01, 'max_iter': 2000}",0.6584757834757835,
"{'hidden_layer_sizes': (118, 118, 118), 'activation': 'logistic', 'solver': 'adam', 'learning_rate_init': 0.1, 'max_iter': 500}",0.6227904040404041,
"{'hidden_layer_sizes': (118, 118, 118), 'activation': 'logistic', 'solver': 'adam', 'learning_rate_init': 0.1, 'max_iter': 1000}",0.6227904040404041,
"{'hidden_layer_sizes': (118, 118, 118), 'activation': 'logistic', 'solver': 'adam', 'learning_rate_init': 0.1, 'max_iter': 1500}",0.6227904040404041,
"{'hidden_layer_sizes': (118, 118, 118), 'activation': 'logistic', 'solver': 'adam', 'learning_rate_init': 0.1, 'max_iter': 2000}",0.6227904040404041,
"{'hidden_layer_sizes': (118, 118, 118), 'activation': 'tanh', 'solver': 'sgd', 'learning_rate_init': 0.0001, 'max_iter': 500}",0.6416666666666667,
"{'hidden_layer_sizes': (118, 118, 118), 'activation': 'tanh', 'solver': 'sgd', 'learning_rate_init': 0.0001, 'max_iter': 1000}",0.6498538011695907,
"{'hidden_layer_sizes': (118, 118, 118), 'activation': 'tanh', 'solver': 'sgd', 'learning_rate_init': 0.0001, 'max_iter': 1500}",0.6666666666666666,
"{'hidden_layer_sizes': (118, 118, 118), 'activation': 'tanh', 'solver': 'sgd', 'learning_rate_init': 0.0001, 'max_iter': 2000}",0.6624354111936533,
"{'hidden_layer_sizes': (118, 118, 118), 'activation': 'tanh', 'solver': 'sgd', 'learning_rate_init': 0.001, 'max_iter': 500}",0.6580000232271851,
"{'hidden_layer_sizes': (118, 118, 118), 'activation': 'tanh', 'solver': 'sgd', 'learning_rate_init': 0.001, 'max_iter': 1000}",0.6580000232271851,
"{'hidden_layer_sizes': (118, 118, 118), 'activation': 'tanh', 'solver': 'sgd', 'learning_rate_init': 0.001, 'max_iter': 1500}",0.6580000232271851,
"{'hidden_layer_sizes': (118, 118, 118), 'activation': 'tanh', 'solver': 'sgd', 'learning_rate_init': 0.001, 'max_iter': 2000}",0.6580000232271851,
"{'hidden_layer_sizes': (118, 118, 118), 'activation': 'tanh', 'solver': 'sgd', 'learning_rate_init': 0.01, 'max_iter': 500}",0.6539318196328348,
"{'hidden_layer_sizes': (118, 118, 118), 'activation': 'tanh', 'solver': 'sgd', 'learning_rate_init': 0.01, 'max_iter': 1000}",0.6539318196328348,
"{'hidden_layer_sizes': (118, 118, 118), 'activation': 'tanh', 'solver': 'sgd', 'learning_rate_init': 0.01, 'max_iter': 1500}",0.6539318196328348,
"{'hidden_layer_sizes': (118, 118, 118), 'activation': 'tanh', 'solver': 'sgd', 'learning_rate_init': 0.01, 'max_iter': 2000}",0.6539318196328348,
"{'hidden_layer_sizes': (118, 118, 118), 'activation': 'tanh', 'solver': 'sgd', 'learning_rate_init': 0.1, 'max_iter': 500}",0.6741829038340666,
"{'hidden_layer_sizes': (118, 118, 118), 'activation': 'tanh', 'solver': 'sgd', 'learning_rate_init': 0.1, 'max_iter': 1000}",0.6741829038340666,
"{'hidden_layer_sizes': (118, 118, 118), 'activation': 'tanh', 'solver': 'sgd', 'learning_rate_init': 0.1, 'max_iter': 1500}",0.6741829038340666,
"{'hidden_layer_sizes': (118, 118, 118), 'activation': 'tanh', 'solver': 'sgd', 'learning_rate_init': 0.1, 'max_iter': 2000}",0.6741829038340666,
"{'hidden_layer_sizes': (118, 118, 118), 'activation': 'tanh', 'solver': 'adam', 'learning_rate_init': 0.0001, 'max_iter': 500}",0.6370261437908497,
"{'hidden_layer_sizes': (118, 118, 118), 'activation': 'tanh', 'solver': 'adam', 'learning_rate_init': 0.0001, 'max_iter': 1000}",0.6370261437908497,
"{'hidden_layer_sizes': (118, 118, 118), 'activation': 'tanh', 'solver': 'adam', 'learning_rate_init': 0.0001, 'max_iter': 1500}",0.6370261437908497,
"{'hidden_layer_sizes': (118, 118, 118), 'activation': 'tanh', 'solver': 'adam', 'learning_rate_init': 0.0001, 'max_iter': 2000}",0.6370261437908497,
"{'hidden_layer_sizes': (118, 118, 118), 'activation': 'tanh', 'solver': 'adam', 'learning_rate_init': 0.001, 'max_iter': 500}",0.6407657657657657,
"{'hidden_layer_sizes': (118, 118, 118), 'activation': 'tanh', 'solver': 'adam', 'learning_rate_init': 0.001, 'max_iter': 1000}",0.6407657657657657,
"{'hidden_layer_sizes': (118, 118, 118), 'activation': 'tanh', 'solver': 'adam', 'learning_rate_init': 0.001, 'max_iter': 1500}",0.6407657657657657,
"{'hidden_layer_sizes': (118, 118, 118), 'activation': 'tanh', 'solver': 'adam', 'learning_rate_init': 0.001, 'max_iter': 2000}",0.6407657657657657,
"{'hidden_layer_sizes': (118, 118, 118), 'activation': 'tanh', 'solver': 'adam', 'learning_rate_init': 0.01, 'max_iter': 500}",0.6498538011695907,
"{'hidden_layer_sizes': (118, 118, 118), 'activation': 'tanh', 'solver': 'adam', 'learning_rate_init': 0.01, 'max_iter': 1000}",0.6498538011695907,
"{'hidden_layer_sizes': (118, 118, 118), 'activation': 'tanh', 'solver': 'adam', 'learning_rate_init': 0.01, 'max_iter': 1500}",0.6498538011695907,
"{'hidden_layer_sizes': (118, 118, 118), 'activation': 'tanh', 'solver': 'adam', 'learning_rate_init': 0.01, 'max_iter': 2000}",0.6498538011695907,
"{'hidden_layer_sizes': (118, 118, 118), 'activation': 'tanh', 'solver': 'adam', 'learning_rate_init': 0.1, 'max_iter': 500}",0.6584282473319907,
"{'hidden_layer_sizes': (118, 118, 118), 'activation': 'tanh', 'solver': 'adam', 'learning_rate_init': 0.1, 'max_iter': 1000}",0.6584282473319907,
"{'hidden_layer_sizes': (118, 118, 118), 'activation': 'tanh', 'solver': 'adam', 'learning_rate_init': 0.1, 'max_iter': 1500}",0.6584282473319907,
"{'hidden_layer_sizes': (118, 118, 118), 'activation': 'tanh', 'solver': 'adam', 'learning_rate_init': 0.1, 'max_iter': 2000}",0.6584282473319907,
"{'hidden_layer_sizes': (118, 118, 118), 'activation': 'relu', 'solver': 'sgd', 'learning_rate_init': 0.0001, 'max_iter': 500}",0.6334351922587217,
"{'hidden_layer_sizes': (118, 118, 118), 'activation': 'relu', 'solver': 'sgd', 'learning_rate_init': 0.0001, 'max_iter': 1000}",0.6251041739009653,
"{'hidden_layer_sizes': (118, 118, 118), 'activation': 'relu', 'solver': 'sgd', 'learning_rate_init': 0.0001, 'max_iter': 1500}",0.6334862066569383,
"{'hidden_layer_sizes': (118, 118, 118), 'activation': 'relu', 'solver': 'sgd', 'learning_rate_init': 0.0001, 'max_iter': 2000}",0.6543168331162252,
"{'hidden_layer_sizes': (118, 118, 118), 'activation': 'relu', 'solver': 'sgd', 'learning_rate_init': 0.001, 'max_iter': 500}",0.6459625665351891,
"{'hidden_layer_sizes': (118, 118, 118), 'activation': 'relu', 'solver': 'sgd', 'learning_rate_init': 0.001, 'max_iter': 1000}",0.6459625665351891,
"{'hidden_layer_sizes': (118, 118, 118), 'activation': 'relu', 'solver': 'sgd', 'learning_rate_init': 0.001, 'max_iter': 1500}",0.6459625665351891,
"{'hidden_layer_sizes': (118, 118, 118), 'activation': 'relu', 'solver': 'sgd', 'learning_rate_init': 0.001, 'max_iter': 2000}",0.6459625665351891,
"{'hidden_layer_sizes': (118, 118, 118), 'activation': 'relu', 'solver': 'sgd', 'learning_rate_init': 0.01, 'max_iter': 500}",0.6667593622543566,
"{'hidden_layer_sizes': (118, 118, 118), 'activation': 'relu', 'solver': 'sgd', 'learning_rate_init': 0.01, 'max_iter': 1000}",0.6667593622543566,
"{'hidden_layer_sizes': (118, 118, 118), 'activation': 'relu', 'solver': 'sgd', 'learning_rate_init': 0.01, 'max_iter': 1500}",0.6667593622543566,
"{'hidden_layer_sizes': (118, 118, 118), 'activation': 'relu', 'solver': 'sgd', 'learning_rate_init': 0.01, 'max_iter': 2000}",0.6667593622543566,
"{'hidden_layer_sizes': (118, 118, 118), 'activation': 'relu', 'solver': 'sgd', 'learning_rate_init': 0.1, 'max_iter': 500}",0.6658286193169914,
"{'hidden_layer_sizes': (118, 118, 118), 'activation': 'relu', 'solver': 'sgd', 'learning_rate_init': 0.1, 'max_iter': 1000}",0.6658286193169914,
"{'hidden_layer_sizes': (118, 118, 118), 'activation': 'relu', 'solver': 'sgd', 'learning_rate_init': 0.1, 'max_iter': 1500}",0.6658286193169914,
"{'hidden_layer_sizes': (118, 118, 118), 'activation': 'relu', 'solver': 'sgd', 'learning_rate_init': 0.1, 'max_iter': 2000}",0.6658286193169914,
"{'hidden_layer_sizes': (118, 118, 118), 'activation': 'relu', 'solver': 'adam', 'learning_rate_init': 0.0001, 'max_iter': 500}",0.6665274296853244,
"{'hidden_layer_sizes': (118, 118, 118), 'activation': 'relu', 'solver': 'adam', 'learning_rate_init': 0.0001, 'max_iter': 1000}",0.6665274296853244,
"{'hidden_layer_sizes': (118, 118, 118), 'activation': 'relu', 'solver': 'adam', 'learning_rate_init': 0.0001, 'max_iter': 1500}",0.6665274296853244,
"{'hidden_layer_sizes': (118, 118, 118), 'activation': 'relu', 'solver': 'adam', 'learning_rate_init': 0.0001, 'max_iter': 2000}",0.6665274296853244,
"{'hidden_layer_sizes': (118, 118, 118), 'activation': 'relu', 'solver': 'adam', 'learning_rate_init': 0.001, 'max_iter': 500}",0.6541004830749781,
"{'hidden_layer_sizes': (118, 118, 118), 'activation': 'relu', 'solver': 'adam', 'learning_rate_init': 0.001, 'max_iter': 1000}",0.6541004830749781,
"{'hidden_layer_sizes': (118, 118, 118), 'activation': 'relu', 'solver': 'adam', 'learning_rate_init': 0.001, 'max_iter': 1500}",0.6541004830749781,
"{'hidden_layer_sizes': (118, 118, 118), 'activation': 'relu', 'solver': 'adam', 'learning_rate_init': 0.001, 'max_iter': 2000}",0.6541004830749781,
"{'hidden_layer_sizes': (118, 118, 118), 'activation': 'relu', 'solver': 'adam', 'learning_rate_init': 0.01, 'max_iter': 500}",0.619700582935877,
"{'hidden_layer_sizes': (118, 118, 118), 'activation': 'relu', 'solver': 'adam', 'learning_rate_init': 0.01, 'max_iter': 1000}",0.619700582935877,
"{'hidden_layer_sizes': (118, 118, 118), 'activation': 'relu', 'solver': 'adam', 'learning_rate_init': 0.01, 'max_iter': 1500}",0.619700582935877,
"{'hidden_layer_sizes': (118, 118, 118), 'activation': 'relu', 'solver': 'adam', 'learning_rate_init': 0.01, 'max_iter': 2000}",0.619700582935877,
"{'hidden_layer_sizes': (118, 118, 118), 'activation': 'relu', 'solver': 'adam', 'learning_rate_init': 0.1, 'max_iter': 500}",0.6542927714399819,
"{'hidden_layer_sizes': (118, 118, 118), 'activation': 'relu', 'solver': 'adam', 'learning_rate_init': 0.1, 'max_iter': 1000}",0.6542927714399819,
"{'hidden_layer_sizes': (118, 118, 118), 'activation': 'relu', 'solver': 'adam', 'learning_rate_init': 0.1, 'max_iter': 1500}",0.6542927714399819,
"{'hidden_layer_sizes': (118, 118, 118), 'activation': 'relu', 'solver': 'adam', 'learning_rate_init': 0.1, 'max_iter': 2000}",0.6542927714399819,
"{'hidden_layer_sizes': (59, 59), 'activation': 'identity', 'solver': 'sgd', 'learning_rate_init': 0.0001, 'max_iter': 500}",0.6577613467261905,
"{'hidden_layer_sizes': (59, 59), 'activation': 'identity', 'solver': 'sgd', 'learning_rate_init': 0.0001, 'max_iter': 1000}",0.6537145969498911,
"{'hidden_layer_sizes': (59, 59), 'activation': 'identity', 'solver': 'sgd', 'learning_rate_init': 0.0001, 'max_iter': 1500}",0.6537145969498911,
"{'hidden_layer_sizes': (59, 59), 'activation': 'identity', 'solver': 'sgd', 'learning_rate_init': 0.0001, 'max_iter': 2000}",0.6537145969498911,
"{'hidden_layer_sizes': (59, 59), 'activation': 'identity', 'solver': 'sgd', 'learning_rate_init': 0.001, 'max_iter': 500}",0.6658286193169914,
"{'hidden_layer_sizes': (59, 59), 'activation': 'identity', 'solver': 'sgd', 'learning_rate_init': 0.001, 'max_iter': 1000}",0.6658286193169914,
"{'hidden_layer_sizes': (59, 59), 'activation': 'identity', 'solver': 'sgd', 'learning_rate_init': 0.001, 'max_iter': 1500}",0.6658286193169914,
"{'hidden_layer_sizes': (59, 59), 'activation': 'identity', 'solver': 'sgd', 'learning_rate_init': 0.001, 'max_iter': 2000}",0.6658286193169914,
"{'hidden_layer_sizes': (59, 59), 'activation': 'identity', 'solver': 'sgd', 'learning_rate_init': 0.01, 'max_iter': 500}",0.6614917276681982,
"{'hidden_layer_sizes': (59, 59), 'activation': 'identity', 'solver': 'sgd', 'learning_rate_init': 0.01, 'max_iter': 1000}",0.6614917276681982,
"{'hidden_layer_sizes': (59, 59), 'activation': 'identity', 'solver': 'sgd', 'learning_rate_init': 0.01, 'max_iter': 1500}",0.6614917276681982,
"{'hidden_layer_sizes': (59, 59), 'activation': 'identity', 'solver': 'sgd', 'learning_rate_init': 0.01, 'max_iter': 2000}",0.6614917276681982,
"{'hidden_layer_sizes': (59, 59), 'activation': 'identity', 'solver': 'sgd', 'learning_rate_init': 0.1, 'max_iter': 500}",0.6574743347999162,
"{'hidden_layer_sizes': (59, 59), 'activation': 'identity', 'solver': 'sgd', 'learning_rate_init': 0.1, 'max_iter': 1000}",0.6574743347999162,
"{'hidden_layer_sizes': (59, 59), 'activation': 'identity', 'solver': 'sgd', 'learning_rate_init': 0.1, 'max_iter': 1500}",0.6574743347999162,
"{'hidden_layer_sizes': (59, 59), 'activation': 'identity', 'solver': 'sgd', 'learning_rate_init': 0.1, 'max_iter': 2000}",0.6574743347999162,
"{'hidden_layer_sizes': (59, 59), 'activation': 'identity', 'solver': 'adam', 'learning_rate_init': 0.0001, 'max_iter': 500}",0.666108630952381,
"{'hidden_layer_sizes': (59, 59), 'activation': 'identity', 'solver': 'adam', 'learning_rate_init': 0.0001, 'max_iter': 1000}",0.666108630952381,
"{'hidden_layer_sizes': (59, 59), 'activation': 'identity', 'solver': 'adam', 'learning_rate_init': 0.0001, 'max_iter': 1500}",0.666108630952381,
"{'hidden_layer_sizes': (59, 59), 'activation': 'identity', 'solver': 'adam', 'learning_rate_init': 0.0001, 'max_iter': 2000}",0.666108630952381,
"{'hidden_layer_sizes': (59, 59), 'activation': 'identity', 'solver': 'adam', 'learning_rate_init': 0.001, 'max_iter': 500}",0.6534485817149703,
"{'hidden_layer_sizes': (59, 59), 'activation': 'identity', 'solver': 'adam', 'learning_rate_init': 0.001, 'max_iter': 1000}",0.6534485817149703,
"{'hidden_layer_sizes': (59, 59), 'activation': 'identity', 'solver': 'adam', 'learning_rate_init': 0.001, 'max_iter': 1500}",0.6534485817149703,
"{'hidden_layer_sizes': (59, 59), 'activation': 'identity', 'solver': 'adam', 'learning_rate_init': 0.001, 'max_iter': 2000}",0.6534485817149703,
"{'hidden_layer_sizes': (59, 59), 'activation': 'identity', 'solver': 'adam', 'learning_rate_init': 0.01, 'max_iter': 500}",0.6581906154274576,
"{'hidden_layer_sizes': (59, 59), 'activation': 'identity', 'solver': 'adam', 'learning_rate_init': 0.01, 'max_iter': 1000}",0.6581906154274576,
"{'hidden_layer_sizes': (59, 59), 'activation': 'identity', 'solver': 'adam', 'learning_rate_init': 0.01, 'max_iter': 1500}",0.6581906154274576,
"{'hidden_layer_sizes': (59, 59), 'activation': 'identity', 'solver': 'adam', 'learning_rate_init': 0.01, 'max_iter': 2000}",0.6581906154274576,
"{'hidden_layer_sizes': (59, 59), 'activation': 'identity', 'solver': 'adam', 'learning_rate_init': 0.1, 'max_iter': 500}",0.6574743347999162,
"{'hidden_layer_sizes': (59, 59), 'activation': 'identity', 'solver': 'adam', 'learning_rate_init': 0.1, 'max_iter': 1000}",0.6574743347999162,
"{'hidden_layer_sizes': (59, 59), 'activation': 'identity', 'solver': 'adam', 'learning_rate_init': 0.1, 'max_iter': 1500}",0.6574743347999162,
"{'hidden_layer_sizes': (59, 59), 'activation': 'identity', 'solver': 'adam', 'learning_rate_init': 0.1, 'max_iter': 2000}",0.6574743347999162,
"{'hidden_layer_sizes': (59, 59), 'activation': 'logistic', 'solver': 'sgd', 'learning_rate_init': 0.0001, 'max_iter': 500}",0.3104460093896714,
"{'hidden_layer_sizes': (59, 59), 'activation': 'logistic', 'solver': 'sgd', 'learning_rate_init': 0.0001, 'max_iter': 1000}",0.3104460093896714,
"{'hidden_layer_sizes': (59, 59), 'activation': 'logistic', 'solver': 'sgd', 'learning_rate_init': 0.0001, 'max_iter': 1500}",0.3104460093896714,
"{'hidden_layer_sizes': (59, 59), 'activation': 'logistic', 'solver': 'sgd', 'learning_rate_init': 0.0001, 'max_iter': 2000}",0.3104460093896714,
"{'hidden_layer_sizes': (59, 59), 'activation': 'logistic', 'solver': 'sgd', 'learning_rate_init': 0.001, 'max_iter': 500}",0.4591578036111798,
"{'hidden_layer_sizes': (59, 59), 'activation': 'logistic', 'solver': 'sgd', 'learning_rate_init': 0.001, 'max_iter': 1000}",0.4591578036111798,
"{'hidden_layer_sizes': (59, 59), 'activation': 'logistic', 'solver': 'sgd', 'learning_rate_init': 0.001, 'max_iter': 1500}",0.4591578036111798,
"{'hidden_layer_sizes': (59, 59), 'activation': 'logistic', 'solver': 'sgd', 'learning_rate_init': 0.001, 'max_iter': 2000}",0.4591578036111798,
"{'hidden_layer_sizes': (59, 59), 'activation': 'logistic', 'solver': 'sgd', 'learning_rate_init': 0.01, 'max_iter': 500}",0.6581906154274576,
"{'hidden_layer_sizes': (59, 59), 'activation': 'logistic', 'solver': 'sgd', 'learning_rate_init': 0.01, 'max_iter': 1000}",0.6581906154274576,
"{'hidden_layer_sizes': (59, 59), 'activation': 'logistic', 'solver': 'sgd', 'learning_rate_init': 0.01, 'max_iter': 1500}",0.6581906154274576,
"{'hidden_layer_sizes': (59, 59), 'activation': 'logistic', 'solver': 'sgd', 'learning_rate_init': 0.01, 'max_iter': 2000}",0.6581906154274576,
"{'hidden_layer_sizes': (59, 59), 'activation': 'logistic', 'solver': 'sgd', 'learning_rate_init': 0.1, 'max_iter': 500}",0.6704030501089324,
"{'hidden_layer_sizes': (59, 59), 'activation': 'logistic', 'solver': 'sgd', 'learning_rate_init': 0.1, 'max_iter': 1000}",0.6704030501089324,
"{'hidden_layer_sizes': (59, 59), 'activation': 'logistic', 'solver': 'sgd', 'learning_rate_init': 0.1, 'max_iter': 1500}",0.6704030501089324,
"{'hidden_layer_sizes': (59, 59), 'activation': 'logistic', 'solver': 'sgd', 'learning_rate_init': 0.1, 'max_iter': 2000}",0.6704030501089324,
"{'hidden_layer_sizes': (59, 59), 'activation': 'logistic', 'solver': 'adam', 'learning_rate_init': 0.0001, 'max_iter': 500}",0.6577613467261905,
"{'hidden_layer_sizes': (59, 59), 'activation': 'logistic', 'solver': 'adam', 'learning_rate_init': 0.0001, 'max_iter': 1000}",0.6413170975309502,
"{'hidden_layer_sizes': (59, 59), 'activation': 'logistic', 'solver': 'adam', 'learning_rate_init': 0.0001, 'max_iter': 1500}",0.6413170975309502,
"{'hidden_layer_sizes': (59, 59), 'activation': 'logistic', 'solver': 'adam', 'learning_rate_init': 0.0001, 'max_iter': 2000}",0.6413170975309502,
"{'hidden_layer_sizes': (59, 59), 'activation': 'logistic', 'solver': 'adam', 'learning_rate_init': 0.001, 'max_iter': 500}",0.6370261437908497,
"{'hidden_layer_sizes': (59, 59), 'activation': 'logistic', 'solver': 'adam', 'learning_rate_init': 0.001, 'max_iter': 1000}",0.6370261437908497,
"{'hidden_layer_sizes': (59, 59), 'activation': 'logistic', 'solver': 'adam', 'learning_rate_init': 0.001, 'max_iter': 1500}",0.6370261437908497,
"{'hidden_layer_sizes': (59, 59), 'activation': 'logistic', 'solver': 'adam', 'learning_rate_init': 0.001, 'max_iter': 2000}",0.6370261437908497,
"{'hidden_layer_sizes': (59, 59), 'activation': 'logistic', 'solver': 'adam', 'learning_rate_init': 0.01, 'max_iter': 500}",0.645097945129789,
"{'hidden_layer_sizes': (59, 59), 'activation': 'logistic', 'solver': 'adam', 'learning_rate_init': 0.01, 'max_iter': 1000}",0.645097945129789,
"{'hidden_layer_sizes': (59, 59), 'activation': 'logistic', 'solver': 'adam', 'learning_rate_init': 0.01, 'max_iter': 1500}",0.645097945129789,
"{'hidden_layer_sizes': (59, 59), 'activation': 'logistic', 'solver': 'adam', 'learning_rate_init': 0.01, 'max_iter': 2000}",0.645097945129789,
"{'hidden_layer_sizes': (59, 59), 'activation': 'logistic', 'solver': 'adam', 'learning_rate_init': 0.1, 'max_iter': 500}",0.6778700642068617,
"{'hidden_layer_sizes': (59, 59), 'activation': 'logistic', 'solver': 'adam', 'learning_rate_init': 0.1, 'max_iter': 1000}",0.6778700642068617,
"{'hidden_layer_sizes': (59, 59), 'activation': 'logistic', 'solver': 'adam', 'learning_rate_init': 0.1, 'max_iter': 1500}",0.6778700642068617,
"{'hidden_layer_sizes': (59, 59), 'activation': 'logistic', 'solver': 'adam', 'learning_rate_init': 0.1, 'max_iter': 2000}",0.6778700642068617,
"{'hidden_layer_sizes': (59, 59), 'activation': 'tanh', 'solver': 'sgd', 'learning_rate_init': 0.0001, 'max_iter': 500}",0.6334352984797924,
"{'hidden_layer_sizes': (59, 59), 'activation': 'tanh', 'solver': 'sgd', 'learning_rate_init': 0.0001, 'max_iter': 1000}",0.637632273983076,
"{'hidden_layer_sizes': (59, 59), 'activation': 'tanh', 'solver': 'sgd', 'learning_rate_init': 0.0001, 'max_iter': 1500}",0.6459625665351891,
"{'hidden_layer_sizes': (59, 59), 'activation': 'tanh', 'solver': 'sgd', 'learning_rate_init': 0.0001, 'max_iter': 2000}",0.6542928590873023,
"{'hidden_layer_sizes': (59, 59), 'activation': 'tanh', 'solver': 'sgd', 'learning_rate_init': 0.001, 'max_iter': 500}",0.6374306268376276,
"{'hidden_layer_sizes': (59, 59), 'activation': 'tanh', 'solver': 'sgd', 'learning_rate_init': 0.001, 'max_iter': 1000}",0.6416666666666667,
"{'hidden_layer_sizes': (59, 59), 'activation': 'tanh', 'solver': 'sgd', 'learning_rate_init': 0.001, 'max_iter': 1500}",0.6416666666666667,
"{'hidden_layer_sizes': (59, 59), 'activation': 'tanh', 'solver': 'sgd', 'learning_rate_init': 0.001, 'max_iter': 2000}",0.6416666666666667,
"{'hidden_layer_sizes': (59, 59), 'activation': 'tanh', 'solver': 'sgd', 'learning_rate_init': 0.01, 'max_iter': 500}",0.6293276885222174,
"{'hidden_layer_sizes': (59, 59), 'activation': 'tanh', 'solver': 'sgd', 'learning_rate_init': 0.01, 'max_iter': 1000}",0.6293276885222174,
"{'hidden_layer_sizes': (59, 59), 'activation': 'tanh', 'solver': 'sgd', 'learning_rate_init': 0.01, 'max_iter': 1500}",0.6293276885222174,
"{'hidden_layer_sizes': (59, 59), 'activation': 'tanh', 'solver': 'sgd', 'learning_rate_init': 0.01, 'max_iter': 2000}",0.6293276885222174,
"{'hidden_layer_sizes': (59, 59), 'activation': 'tanh', 'solver': 'sgd', 'learning_rate_init': 0.1, 'max_iter': 500}",0.6076776413690477,
"{'hidden_layer_sizes': (59, 59), 'activation': 'tanh', 'solver': 'sgd', 'learning_rate_init': 0.1, 'max_iter': 1000}",0.6076776413690477,
"{'hidden_layer_sizes': (59, 59), 'activation': 'tanh', 'solver': 'sgd', 'learning_rate_init': 0.1, 'max_iter': 1500}",0.6076776413690477,
"{'hidden_layer_sizes': (59, 59), 'activation': 'tanh', 'solver': 'sgd', 'learning_rate_init': 0.1, 'max_iter': 2000}",0.6076776413690477,
"{'hidden_layer_sizes': (59, 59), 'activation': 'tanh', 'solver': 'adam', 'learning_rate_init': 0.0001, 'max_iter': 500}",0.6324114812486905,
"{'hidden_layer_sizes': (59, 59), 'activation': 'tanh', 'solver': 'adam', 'learning_rate_init': 0.0001, 'max_iter': 1000}",0.6324114812486905,
"{'hidden_layer_sizes': (59, 59), 'activation': 'tanh', 'solver': 'adam', 'learning_rate_init': 0.0001, 'max_iter': 1500}",0.6324114812486905,
"{'hidden_layer_sizes': (59, 59), 'activation': 'tanh', 'solver': 'adam', 'learning_rate_init': 0.0001, 'max_iter': 2000}",0.6324114812486905,
"{'hidden_layer_sizes': (59, 59), 'activation': 'tanh', 'solver': 'adam', 'learning_rate_init': 0.001, 'max_iter': 500}",0.6113423539894128,
"{'hidden_layer_sizes': (59, 59), 'activation': 'tanh', 'solver': 'adam', 'learning_rate_init': 0.001, 'max_iter': 1000}",0.6113423539894128,
"{'hidden_layer_sizes': (59, 59), 'activation': 'tanh', 'solver': 'adam', 'learning_rate_init': 0.001, 'max_iter': 1500}",0.6113423539894128,
"{'hidden_layer_sizes': (59, 59), 'activation': 'tanh', 'solver': 'adam', 'learning_rate_init': 0.001, 'max_iter': 2000}",0.6113423539894128,
"{'hidden_layer_sizes': (59, 59), 'activation': 'tanh', 'solver': 'adam', 'learning_rate_init': 0.01, 'max_iter': 500}",0.6157029122145402,
"{'hidden_layer_sizes': (59, 59), 'activation': 'tanh', 'solver': 'adam', 'learning_rate_init': 0.01, 'max_iter': 1000}",0.6157029122145402,
"{'hidden_layer_sizes': (59, 59), 'activation': 'tanh', 'solver': 'adam', 'learning_rate_init': 0.01, 'max_iter': 1500}",0.6157029122145402,
"{'hidden_layer_sizes': (59, 59), 'activation': 'tanh', 'solver': 'adam', 'learning_rate_init': 0.01, 'max_iter': 2000}",0.6157029122145402,
"{'hidden_layer_sizes': (59, 59), 'activation': 'tanh', 'solver': 'adam', 'learning_rate_init': 0.1, 'max_iter': 500}",0.6663414860753024,
"{'hidden_layer_sizes': (59, 59), 'activation': 'tanh', 'solver': 'adam', 'learning_rate_init': 0.1, 'max_iter': 1000}",0.6663414860753024,
"{'hidden_layer_sizes': (59, 59), 'activation': 'tanh', 'solver': 'adam', 'learning_rate_init': 0.1, 'max_iter': 1500}",0.6663414860753024,
"{'hidden_layer_sizes': (59, 59), 'activation': 'tanh', 'solver': 'adam', 'learning_rate_init': 0.1, 'max_iter': 2000}",0.6663414860753024,
"{'hidden_layer_sizes': (59, 59), 'activation': 'relu', 'solver': 'sgd', 'learning_rate_init': 0.0001, 'max_iter': 500}",0.6622714486638536,
"{'hidden_layer_sizes': (59, 59), 'activation': 'relu', 'solver': 'sgd', 'learning_rate_init': 0.0001, 'max_iter': 1000}",0.6372545189352503,
"{'hidden_layer_sizes': (59, 59), 'activation': 'relu', 'solver': 'sgd', 'learning_rate_init': 0.0001, 'max_iter': 1500}",0.6541006209598547,
"{'hidden_layer_sizes': (59, 59), 'activation': 'relu', 'solver': 'sgd', 'learning_rate_init': 0.0001, 'max_iter': 2000}",0.6542207040631494,
"{'hidden_layer_sizes': (59, 59), 'activation': 'relu', 'solver': 'sgd', 'learning_rate_init': 0.001, 'max_iter': 500}",0.6459625665351891,
"{'hidden_layer_sizes': (59, 59), 'activation': 'relu', 'solver': 'sgd', 'learning_rate_init': 0.001, 'max_iter': 1000}",0.6500973303670745,
"{'hidden_layer_sizes': (59, 59), 'activation': 'relu', 'solver': 'sgd', 'learning_rate_init': 0.001, 'max_iter': 1500}",0.6500973303670745,
"{'hidden_layer_sizes': (59, 59), 'activation': 'relu', 'solver': 'sgd', 'learning_rate_init': 0.001, 'max_iter': 2000}",0.6500973303670745,
"{'hidden_layer_sizes': (59, 59), 'activation': 'relu', 'solver': 'sgd', 'learning_rate_init': 0.01, 'max_iter': 500}",0.65,
"{'hidden_layer_sizes': (59, 59), 'activation': 'relu', 'solver': 'sgd', 'learning_rate_init': 0.01, 'max_iter': 1000}",0.65,
"{'hidden_layer_sizes': (59, 59), 'activation': 'relu', 'solver': 'sgd', 'learning_rate_init': 0.01, 'max_iter': 1500}",0.65,
"{'hidden_layer_sizes': (59, 59), 'activation': 'relu', 'solver': 'sgd', 'learning_rate_init': 0.01, 'max_iter': 2000}",0.65,
"{'hidden_layer_sizes': (59, 59), 'activation': 'relu', 'solver': 'sgd', 'learning_rate_init': 0.1, 'max_iter': 500}",0.65,
"{'hidden_layer_sizes': (59, 59), 'activation': 'relu', 'solver': 'sgd', 'learning_rate_init': 0.1, 'max_iter': 1000}",0.65,
"{'hidden_layer_sizes': (59, 59), 'activation': 'relu', 'solver': 'sgd', 'learning_rate_init': 0.1, 'max_iter': 1500}",0.65,
"{'hidden_layer_sizes': (59, 59), 'activation': 'relu', 'solver': 'sgd', 'learning_rate_init': 0.1, 'max_iter': 2000}",0.65,
"{'hidden_layer_sizes': (59, 59), 'activation': 'relu', 'solver': 'adam', 'learning_rate_init': 0.0001, 'max_iter': 500}",0.6293019814309628,
"{'hidden_layer_sizes': (59, 59), 'activation': 'relu', 'solver': 'adam', 'learning_rate_init': 0.0001, 'max_iter': 1000}",0.6293019814309628,
"{'hidden_layer_sizes': (59, 59), 'activation': 'relu', 'solver': 'adam', 'learning_rate_init': 0.0001, 'max_iter': 1500}",0.6293019814309628,
"{'hidden_layer_sizes': (59, 59), 'activation': 'relu', 'solver': 'adam', 'learning_rate_init': 0.0001, 'max_iter': 2000}",0.6293019814309628,
"{'hidden_layer_sizes': (59, 59), 'activation': 'relu', 'solver': 'adam', 'learning_rate_init': 0.001, 'max_iter': 500}",0.6374306268376276,
"{'hidden_layer_sizes': (59, 59), 'activation': 'relu', 'solver': 'adam', 'learning_rate_init': 0.001, 'max_iter': 1000}",0.6374306268376276,
"{'hidden_layer_sizes': (59, 59), 'activation': 'relu', 'solver': 'adam', 'learning_rate_init': 0.001, 'max_iter': 1500}",0.6374306268376276,
"{'hidden_layer_sizes': (59, 59), 'activation': 'relu', 'solver': 'adam', 'learning_rate_init': 0.001, 'max_iter': 2000}",0.6374306268376276,
"{'hidden_layer_sizes': (59, 59), 'activation': 'relu', 'solver': 'adam', 'learning_rate_init': 0.01, 'max_iter': 500}",0.6200460353742446,
"{'hidden_layer_sizes': (59, 59), 'activation': 'relu', 'solver': 'adam', 'learning_rate_init': 0.01, 'max_iter': 1000}",0.6200460353742446,
"{'hidden_layer_sizes': (59, 59), 'activation': 'relu', 'solver': 'adam', 'learning_rate_init': 0.01, 'max_iter': 1500}",0.6200460353742446,
"{'hidden_layer_sizes': (59, 59), 'activation': 'relu', 'solver': 'adam', 'learning_rate_init': 0.01, 'max_iter': 2000}",0.6200460353742446,
"{'hidden_layer_sizes': (59, 59), 'activation': 'relu', 'solver': 'adam', 'learning_rate_init': 0.1, 'max_iter': 500}",0.6025015219697113,
"{'hidden_layer_sizes': (59, 59), 'activation': 'relu', 'solver': 'adam', 'learning_rate_init': 0.1, 'max_iter': 1000}",0.6025015219697113,
"{'hidden_layer_sizes': (59, 59), 'activation': 'relu', 'solver': 'adam', 'learning_rate_init': 0.1, 'max_iter': 1500}",0.6025015219697113,
"{'hidden_layer_sizes': (59, 59), 'activation': 'relu', 'solver': 'adam', 'learning_rate_init': 0.1, 'max_iter': 2000}",0.6025015219697113,
"{'hidden_layer_sizes': (39, 39, 39), 'activation': 'identity', 'solver': 'sgd', 'learning_rate_init': 0.0001, 'max_iter': 500}",0.6527690302489546,
"{'hidden_layer_sizes': (39, 39, 39), 'activation': 'identity', 'solver': 'sgd', 'learning_rate_init': 0.0001, 'max_iter': 1000}",0.6407657657657657,
"{'hidden_layer_sizes': (39, 39, 39), 'activation': 'identity', 'solver': 'sgd', 'learning_rate_init': 0.0001, 'max_iter': 1500}",0.6407657657657657,
"{'hidden_layer_sizes': (39, 39, 39), 'activation': 'identity', 'solver': 'sgd', 'learning_rate_init': 0.0001, 'max_iter': 2000}",0.6407657657657657,
"{'hidden_layer_sizes': (39, 39, 39), 'activation': 'identity', 'solver': 'sgd', 'learning_rate_init': 0.001, 'max_iter': 500}",0.6614917276681982,
"{'hidden_layer_sizes': (39, 39, 39), 'activation': 'identity', 'solver': 'sgd', 'learning_rate_init': 0.001, 'max_iter': 1000}",0.6614917276681982,
"{'hidden_layer_sizes': (39, 39, 39), 'activation': 'identity', 'solver': 'sgd', 'learning_rate_init': 0.001, 'max_iter': 1500}",0.6614917276681982,
"{'hidden_layer_sizes': (39, 39, 39), 'activation': 'identity', 'solver': 'sgd', 'learning_rate_init': 0.001, 'max_iter': 2000}",0.6614917276681982,
"{'hidden_layer_sizes': (39, 39, 39), 'activation': 'identity', 'solver': 'sgd', 'learning_rate_init': 0.01, 'max_iter': 500}",0.6617992183001518,
"{'hidden_layer_sizes': (39, 39, 39), 'activation': 'identity', 'solver': 'sgd', 'learning_rate_init': 0.01, 'max_iter': 1000}",0.6617992183001518,
"{'hidden_layer_sizes': (39, 39, 39), 'activation': 'identity', 'solver': 'sgd', 'learning_rate_init': 0.01, 'max_iter': 1500}",0.6617992183001518,
"{'hidden_layer_sizes': (39, 39, 39), 'activation': 'identity', 'solver': 'sgd', 'learning_rate_init': 0.01, 'max_iter': 2000}",0.6617992183001518,
"{'hidden_layer_sizes': (39, 39, 39), 'activation': 'identity', 'solver': 'sgd', 'learning_rate_init': 0.1, 'max_iter': 500}",,Solver produced non-finite parameter weights. The input data may contain large values and need to be preprocessed.
"{'hidden_layer_sizes': (39, 39, 39), 'activation': 'identity', 'solver': 'sgd', 'learning_rate_init': 0.1, 'max_iter': 1000}",,Solver produced non-finite parameter weights. The input data may contain large values and need to be preprocessed.
"{'hidden_layer_sizes': (39, 39, 39), 'activation': 'identity', 'solver': 'sgd', 'learning_rate_init': 0.1, 'max_iter': 1500}",,Solver produced non-finite parameter weights. The input data may contain large values and need to be preprocessed.
"{'hidden_layer_sizes': (39, 39, 39), 'activation': 'identity', 'solver': 'sgd', 'learning_rate_init': 0.1, 'max_iter': 2000}",,Solver produced non-finite parameter weights. The input data may contain large values and need to be preprocessed.
"{'hidden_layer_sizes': (39, 39, 39), 'activation': 'identity', 'solver': 'adam', 'learning_rate_init': 0.0001, 'max_iter': 500}",0.6617992183001518,
"{'hidden_layer_sizes': (39, 39, 39), 'activation': 'identity', 'solver': 'adam', 'learning_rate_init': 0.0001, 'max_iter': 1000}",0.6617992183001518,
"{'hidden_layer_sizes': (39, 39, 39), 'activation': 'identity', 'solver': 'adam', 'learning_rate_init': 0.0001, 'max_iter': 1500}",0.6617992183001518,
"{'hidden_layer_sizes': (39, 39, 39), 'activation': 'identity', 'solver': 'adam', 'learning_rate_init': 0.0001, 'max_iter': 2000}",0.6617992183001518,
"{'hidden_layer_sizes': (39, 39, 39), 'activation': 'identity', 'solver': 'adam', 'learning_rate_init': 0.001, 'max_iter': 500}",0.6571386946386947,
"{'hidden_layer_sizes': (39, 39, 39), 'activation': 'identity', 'solver': 'adam', 'learning_rate_init': 0.001, 'max_iter': 1000}",0.6571386946386947,
"{'hidden_layer_sizes': (39, 39, 39), 'activation': 'identity', 'solver': 'adam', 'learning_rate_init': 0.001, 'max_iter': 1500}",0.6571386946386947,
"{'hidden_layer_sizes': (39, 39, 39), 'activation': 'identity', 'solver': 'adam', 'learning_rate_init': 0.001, 'max_iter': 2000}",0.6571386946386947,
"{'hidden_layer_sizes': (39, 39, 39), 'activation': 'identity', 'solver': 'adam', 'learning_rate_init': 0.01, 'max_iter': 500}",0.6483822396526367,
"{'hidden_layer_sizes': (39, 39, 39), 'activation': 'identity', 'solver': 'adam', 'learning_rate_init': 0.01, 'max_iter': 1000}",0.6483822396526367,
"{'hidden_layer_sizes': (39, 39, 39), 'activation': 'identity', 'solver': 'adam', 'learning_rate_init': 0.01, 'max_iter': 1500}",0.6483822396526367,
"{'hidden_layer_sizes': (39, 39, 39), 'activation': 'identity', 'solver': 'adam', 'learning_rate_init': 0.01, 'max_iter': 2000}",0.6483822396526367,
"{'hidden_layer_sizes': (39, 39, 39), 'activation': 'identity', 'solver': 'adam', 'learning_rate_init': 0.1, 'max_iter': 500}",0.6539318196328348,
"{'hidden_layer_sizes': (39, 39, 39), 'activation': 'identity', 'solver': 'adam', 'learning_rate_init': 0.1, 'max_iter': 1000}",0.6539318196328348,
"{'hidden_layer_sizes': (39, 39, 39), 'activation': 'identity', 'solver': 'adam', 'learning_rate_init': 0.1, 'max_iter': 1500}",0.6539318196328348,
"{'hidden_layer_sizes': (39, 39, 39), 'activation': 'identity', 'solver': 'adam', 'learning_rate_init': 0.1, 'max_iter': 2000}",0.6539318196328348,
"{'hidden_layer_sizes': (39, 39, 39), 'activation': 'logistic', 'solver': 'sgd', 'learning_rate_init': 0.0001, 'max_iter': 500}",0.3567351598173516,
"{'hidden_layer_sizes': (39, 39, 39), 'activation': 'logistic', 'solver': 'sgd', 'learning_rate_init': 0.0001, 'max_iter': 1000}",0.3567351598173516,
"{'hidden_layer_sizes': (39, 39, 39), 'activation': 'logistic', 'solver': 'sgd', 'learning_rate_init': 0.0001, 'max_iter': 1500}",0.3567351598173516,
"{'hidden_layer_sizes': (39, 39, 39), 'activation': 'logistic', 'solver': 'sgd', 'learning_rate_init': 0.0001, 'max_iter': 2000}",0.3567351598173516,
"{'hidden_layer_sizes': (39, 39, 39), 'activation': 'logistic', 'solver': 'sgd', 'learning_rate_init': 0.001, 'max_iter': 500}",0.3104460093896714,
"{'hidden_layer_sizes': (39, 39, 39), 'activation': 'logistic', 'solver': 'sgd', 'learning_rate_init': 0.001, 'max_iter': 1000}",0.3104460093896714,
"{'hidden_layer_sizes': (39, 39, 39), 'activation': 'logistic', 'solver': 'sgd', 'learning_rate_init': 0.001, 'max_iter': 1500}",0.3104460093896714,
"{'hidden_layer_sizes': (39, 39, 39), 'activation': 'logistic', 'solver': 'sgd', 'learning_rate_init': 0.001, 'max_iter': 2000}",0.3104460093896714,
"{'hidden_layer_sizes': (39, 39, 39), 'activation': 'logistic', 'solver': 'sgd', 'learning_rate_init': 0.01, 'max_iter': 500}",0.3104460093896714,
"{'hidden_layer_sizes': (39, 39, 39), 'activation': 'logistic', 'solver': 'sgd', 'learning_rate_init': 0.01, 'max_iter': 1000}",0.3104460093896714,
"{'hidden_layer_sizes': (39, 39, 39), 'activation': 'logistic', 'solver': 'sgd', 'learning_rate_init': 0.01, 'max_iter': 1500}",0.3104460093896714,
"{'hidden_layer_sizes': (39, 39, 39), 'activation': 'logistic', 'solver': 'sgd', 'learning_rate_init': 0.01, 'max_iter': 2000}",0.3104460093896714,
"{'hidden_layer_sizes': (39, 39, 39), 'activation': 'logistic', 'solver': 'sgd', 'learning_rate_init': 0.1, 'max_iter': 500}",0.6537145969498911,
"{'hidden_layer_sizes': (39, 39, 39), 'activation': 'logistic', 'solver': 'sgd', 'learning_rate_init': 0.1, 'max_iter': 1000}",0.6537145969498911,
"{'hidden_layer_sizes': (39, 39, 39), 'activation': 'logistic', 'solver': 'sgd', 'learning_rate_init': 0.1, 'max_iter': 1500}",0.6537145969498911,
"{'hidden_layer_sizes': (39, 39, 39), 'activation': 'logistic', 'solver': 'sgd', 'learning_rate_init': 0.1, 'max_iter': 2000}",0.6537145969498911,
"{'hidden_layer_sizes': (39, 39, 39), 'activation': 'logistic', 'solver': 'adam', 'learning_rate_init': 0.0001, 'max_iter': 500}",0.6622714486638536,
"{'hidden_layer_sizes': (39, 39, 39), 'activation': 'logistic', 'solver': 'adam', 'learning_rate_init': 0.0001, 'max_iter': 1000}",0.6415169869117238,
"{'hidden_layer_sizes': (39, 39, 39), 'activation': 'logistic', 'solver': 'adam', 'learning_rate_init': 0.0001, 'max_iter': 1500}",0.6289148427388228,
"{'hidden_layer_sizes': (39, 39, 39), 'activation': 'logistic', 'solver': 'adam', 'learning_rate_init': 0.0001, 'max_iter': 2000}",0.6289148427388228,
"{'hidden_layer_sizes': (39, 39, 39), 'activation': 'logistic', 'solver': 'adam', 'learning_rate_init': 0.001, 'max_iter': 500}",0.6292246909716789,
"{'hidden_layer_sizes': (39, 39, 39), 'activation': 'logistic', 'solver': 'adam', 'learning_rate_init': 0.001, 'max_iter': 1000}",0.6292246909716789,
"{'hidden_layer_sizes': (39, 39, 39), 'activation': 'logistic', 'solver': 'adam', 'learning_rate_init': 0.001, 'max_iter': 1500}",0.6292246909716789,
"{'hidden_layer_sizes': (39, 39, 39), 'activation': 'logistic', 'solver': 'adam', 'learning_rate_init': 0.001, 'max_iter': 2000}",0.6292246909716789,
"{'hidden_layer_sizes': (39, 39, 39), 'activation': 'logistic', 'solver': 'adam', 'learning_rate_init': 0.01, 'max_iter': 500}",0.6765772537848815,
"{'hidden_layer_sizes': (39, 39, 39), 'activation': 'logistic', 'solver': 'adam', 'learning_rate_init': 0.01, 'max_iter': 1000}",0.6765772537848815,
"{'hidden_layer_sizes': (39, 39, 39), 'activation': 'logistic', 'solver': 'adam', 'learning_rate_init': 0.01, 'max_iter': 1500}",0.6765772537848815,
"{'hidden_layer_sizes': (39, 39, 39), 'activation': 'logistic', 'solver': 'adam', 'learning_rate_init': 0.01, 'max_iter': 2000}",0.6765772537848815,
"{'hidden_layer_sizes': (39, 39, 39), 'activation': 'logistic', 'solver': 'adam', 'learning_rate_init': 0.1, 'max_iter': 500}",0.6164752496807265,
"{'hidden_layer_sizes': (39, 39, 39), 'activation': 'logistic', 'solver': 'adam', 'learning_rate_init': 0.1, 'max_iter': 1000}",0.6164752496807265,
"{'hidden_layer_sizes': (39, 39, 39), 'activation': 'logistic', 'solver': 'adam', 'learning_rate_init': 0.1, 'max_iter': 1500}",0.6164752496807265,
"{'hidden_layer_sizes': (39, 39, 39), 'activation': 'logistic', 'solver': 'adam', 'learning_rate_init': 0.1, 'max_iter': 2000}",0.6164752496807265,
"{'hidden_layer_sizes': (39, 39, 39), 'activation': 'tanh', 'solver': 'sgd', 'learning_rate_init': 0.0001, 'max_iter': 500}",0.6306537371466047,
"{'hidden_layer_sizes': (39, 39, 39), 'activation': 'tanh', 'solver': 'sgd', 'learning_rate_init': 0.0001, 'max_iter': 1000}",0.6658286193169914,
"{'hidden_layer_sizes': (39, 39, 39), 'activation': 'tanh', 'solver': 'sgd', 'learning_rate_init': 0.0001, 'max_iter': 1500}",0.6704030501089324,
"{'hidden_layer_sizes': (39, 39, 39), 'activation': 'tanh', 'solver': 'sgd', 'learning_rate_init': 0.0001, 'max_iter': 2000}",0.6789487965268467,
"{'hidden_layer_sizes': (39, 39, 39), 'activation': 'tanh', 'solver': 'sgd', 'learning_rate_init': 0.001, 'max_iter': 500}",0.6617992183001518,
"{'hidden_layer_sizes': (39, 39, 39), 'activation': 'tanh', 'solver': 'sgd', 'learning_rate_init': 0.001, 'max_iter': 1000}",0.6622708119308387,
"{'hidden_layer_sizes': (39, 39, 39), 'activation': 'tanh', 'solver': 'sgd', 'learning_rate_init': 0.001, 'max_iter': 1500}",0.6622708119308387,
"{'hidden_layer_sizes': (39, 39, 39), 'activation': 'tanh', 'solver': 'sgd', 'learning_rate_init': 0.001, 'max_iter': 2000}",0.6622708119308387,
"{'hidden_layer_sizes': (39, 39, 39), 'activation': 'tanh', 'solver': 'sgd', 'learning_rate_init': 0.01, 'max_iter': 500}",0.682803199404762,
"{'hidden_layer_sizes': (39, 39, 39), 'activation': 'tanh', 'solver': 'sgd', 'learning_rate_init': 0.01, 'max_iter': 1000}",0.682803199404762,
"{'hidden_layer_sizes': (39, 39, 39), 'activation': 'tanh', 'solver': 'sgd', 'learning_rate_init': 0.01, 'max_iter': 1500}",0.682803199404762,
"{'hidden_layer_sizes': (39, 39, 39), 'activation': 'tanh', 'solver': 'sgd', 'learning_rate_init': 0.01, 'max_iter': 2000}",0.682803199404762,
"{'hidden_layer_sizes': (39, 39, 39), 'activation': 'tanh', 'solver': 'sgd', 'learning_rate_init': 0.1, 'max_iter': 500}",0.6415169869117238,
"{'hidden_layer_sizes': (39, 39, 39), 'activation': 'tanh', 'solver': 'sgd', 'learning_rate_init': 0.1, 'max_iter': 1000}",0.6415169869117238,
"{'hidden_layer_sizes': (39, 39, 39), 'activation': 'tanh', 'solver': 'sgd', 'learning_rate_init': 0.1, 'max_iter': 1500}",0.6415169869117238,
"{'hidden_layer_sizes': (39, 39, 39), 'activation': 'tanh', 'solver': 'sgd', 'learning_rate_init': 0.1, 'max_iter': 2000}",0.6415169869117238,
"{'hidden_layer_sizes': (39, 39, 39), 'activation': 'tanh', 'solver': 'adam', 'learning_rate_init': 0.0001, 'max_iter': 500}",0.6825371883511419,
"{'hidden_layer_sizes': (39, 39, 39), 'activation': 'tanh', 'solver': 'adam', 'learning_rate_init': 0.0001, 'max_iter': 1000}",0.6825371883511419,
"{'hidden_layer_sizes': (39, 39, 39), 'activation': 'tanh', 'solver': 'adam', 'learning_rate_init': 0.0001, 'max_iter': 1500}",0.6825371883511419,
"{'hidden_layer_sizes': (39, 39, 39), 'activation': 'tanh', 'solver': 'adam', 'learning_rate_init': 0.0001, 'max_iter': 2000}",0.6825371883511419,
"{'hidden_layer_sizes': (39, 39, 39), 'activation': 'tanh', 'solver': 'adam', 'learning_rate_init': 0.001, 'max_iter': 500}",0.6789487965268467,
"{'hidden_layer_sizes': (39, 39, 39), 'activation': 'tanh', 'solver': 'adam', 'learning_rate_init': 0.001, 'max_iter': 1000}",0.6789487965268467,
"{'hidden_layer_sizes': (39, 39, 39), 'activation': 'tanh', 'solver': 'adam', 'learning_rate_init': 0.001, 'max_iter': 1500}",0.6789487965268467,
"{'hidden_layer_sizes': (39, 39, 39), 'activation': 'tanh', 'solver': 'adam', 'learning_rate_init': 0.001, 'max_iter': 2000}",0.6789487965268467,
"{'hidden_layer_sizes': (39, 39, 39), 'activation': 'tanh', 'solver': 'adam', 'learning_rate_init': 0.01, 'max_iter': 500}",0.6874401955496791,
"{'hidden_layer_sizes': (39, 39, 39), 'activation': 'tanh', 'solver': 'adam', 'learning_rate_init': 0.01, 'max_iter': 1000}",0.6874401955496791,
"{'hidden_layer_sizes': (39, 39, 39), 'activation': 'tanh', 'solver': 'adam', 'learning_rate_init': 0.01, 'max_iter': 1500}",0.6874401955496791,
"{'hidden_layer_sizes': (39, 39, 39), 'activation': 'tanh', 'solver': 'adam', 'learning_rate_init': 0.01, 'max_iter': 2000}",0.6874401955496791,
"{'hidden_layer_sizes': (39, 39, 39), 'activation': 'tanh', 'solver': 'adam', 'learning_rate_init': 0.1, 'max_iter': 500}",0.6289148427388228,
"{'hidden_layer_sizes': (39, 39, 39), 'activation': 'tanh', 'solver': 'adam', 'learning_rate_init': 0.1, 'max_iter': 1000}",0.6289148427388228,
"{'hidden_layer_sizes': (39, 39, 39), 'activation': 'tanh', 'solver': 'adam', 'learning_rate_init': 0.1, 'max_iter': 1500}",0.6289148427388228,
"{'hidden_layer_sizes': (39, 39, 39), 'activation': 'tanh', 'solver': 'adam', 'learning_rate_init': 0.1, 'max_iter': 2000}",0.6289148427388228,
"{'hidden_layer_sizes': (39, 39, 39), 'activation': 'relu', 'solver': 'sgd', 'learning_rate_init': 0.0001, 'max_iter': 500}",0.5751180637544273,
"{'hidden_layer_sizes': (39, 39, 39), 'activation': 'relu', 'solver': 'sgd', 'learning_rate_init': 0.0001, 'max_iter': 1000}",0.6207607706002772,
"{'hidden_layer_sizes': (39, 39, 39), 'activation': 'relu', 'solver': 'sgd', 'learning_rate_init': 0.0001, 'max_iter': 1500}",0.6372538350368269,
"{'hidden_layer_sizes': (39, 39, 39), 'activation': 'relu', 'solver': 'sgd', 'learning_rate_init': 0.0001, 'max_iter': 2000}",0.6240571967316154,
"{'hidden_layer_sizes': (39, 39, 39), 'activation': 'relu', 'solver': 'sgd', 'learning_rate_init': 0.001, 'max_iter': 500}",0.6267259031739065,
"{'hidden_layer_sizes': (39, 39, 39), 'activation': 'relu', 'solver': 'sgd', 'learning_rate_init': 0.001, 'max_iter': 1000}",0.6222595038999367,
"{'hidden_layer_sizes': (39, 39, 39), 'activation': 'relu', 'solver': 'sgd', 'learning_rate_init': 0.001, 'max_iter': 1500}",0.6222595038999367,
"{'hidden_layer_sizes': (39, 39, 39), 'activation': 'relu', 'solver': 'sgd', 'learning_rate_init': 0.001, 'max_iter': 2000}",0.6222595038999367,
"{'hidden_layer_sizes': (39, 39, 39), 'activation': 'relu', 'solver': 'sgd', 'learning_rate_init': 0.01, 'max_iter': 500}",0.6513754813525348,
"{'hidden_layer_sizes': (39, 39, 39), 'activation': 'relu', 'solver': 'sgd', 'learning_rate_init': 0.01, 'max_iter': 1000}",0.6513754813525348,
"{'hidden_layer_sizes': (39, 39, 39), 'activation': 'relu', 'solver': 'sgd', 'learning_rate_init': 0.01, 'max_iter': 1500}",0.6513754813525348,
"{'hidden_layer_sizes': (39, 39, 39), 'activation': 'relu', 'solver': 'sgd', 'learning_rate_init': 0.01, 'max_iter': 2000}",0.6513754813525348,
"{'hidden_layer_sizes': (39, 39, 39), 'activation': 'relu', 'solver': 'sgd', 'learning_rate_init': 0.1, 'max_iter': 500}",0.6726249033799452,
"{'hidden_layer_sizes': (39, 39, 39), 'activation': 'relu', 'solver': 'sgd', 'learning_rate_init': 0.1, 'max_iter': 1000}",0.6726249033799452,
"{'hidden_layer_sizes': (39, 39, 39), 'activation': 'relu', 'solver': 'sgd', 'learning_rate_init': 0.1, 'max_iter': 1500}",0.6726249033799452,
"{'hidden_layer_sizes': (39, 39, 39), 'activation': 'relu', 'solver': 'sgd', 'learning_rate_init': 0.1, 'max_iter': 2000}",0.6726249033799452,
"{'hidden_layer_sizes': (39, 39, 39), 'activation': 'relu', 'solver': 'adam', 'learning_rate_init': 0.0001, 'max_iter': 500}",0.6099495392716103,
"{'hidden_layer_sizes': (39, 39, 39), 'activation': 'relu', 'solver': 'adam', 'learning_rate_init': 0.0001, 'max_iter': 1000}",0.6104698533405757,
"{'hidden_layer_sizes': (39, 39, 39), 'activation': 'relu', 'solver': 'adam', 'learning_rate_init': 0.0001, 'max_iter': 1500}",0.6104698533405757,
"{'hidden_layer_sizes': (39, 39, 39), 'activation': 'relu', 'solver': 'adam', 'learning_rate_init': 0.0001, 'max_iter': 2000}",0.6104698533405757,
"{'hidden_layer_sizes': (39, 39, 39), 'activation': 'relu', 'solver': 'adam', 'learning_rate_init': 0.001, 'max_iter': 500}",0.6351140851250549,
"{'hidden_layer_sizes': (39, 39, 39), 'activation': 'relu', 'solver': 'adam', 'learning_rate_init': 0.001, 'max_iter': 1000}",0.6351140851250549,
"{'hidden_layer_sizes': (39, 39, 39), 'activation': 'relu', 'solver': 'adam', 'learning_rate_init': 0.001, 'max_iter': 1500}",0.6351140851250549,
"{'hidden_layer_sizes': (39, 39, 39), 'activation': 'relu', 'solver': 'adam', 'learning_rate_init': 0.001, 'max_iter': 2000}",0.6351140851250549,
"{'hidden_layer_sizes': (39, 39, 39), 'activation': 'relu', 'solver': 'adam', 'learning_rate_init': 0.01, 'max_iter': 500}",0.6534485817149703,
"{'hidden_layer_sizes': (39, 39, 39), 'activation': 'relu', 'solver': 'adam', 'learning_rate_init': 0.01, 'max_iter': 1000}",0.6534485817149703,
"{'hidden_layer_sizes': (39, 39, 39), 'activation': 'relu', 'solver': 'adam', 'learning_rate_init': 0.01, 'max_iter': 1500}",0.6534485817149703,
"{'hidden_layer_sizes': (39, 39, 39), 'activation': 'relu', 'solver': 'adam', 'learning_rate_init': 0.01, 'max_iter': 2000}",0.6534485817149703,
"{'hidden_layer_sizes': (39, 39, 39), 'activation': 'relu', 'solver': 'adam', 'learning_rate_init': 0.1, 'max_iter': 500}",0.3086158192090395,
"{'hidden_layer_sizes': (39, 39, 39), 'activation': 'relu', 'solver': 'adam', 'learning_rate_init': 0.1, 'max_iter': 1000}",0.3086158192090395,
"{'hidden_layer_sizes': (39, 39, 39), 'activation': 'relu', 'solver': 'adam', 'learning_rate_init': 0.1, 'max_iter': 1500}",0.3086158192090395,
"{'hidden_layer_sizes': (39, 39, 39), 'activation': 'relu', 'solver': 'adam', 'learning_rate_init': 0.1, 'max_iter': 2000}",0.3086158192090395,
"{'hidden_layer_sizes': (120,), 'activation': 'identity', 'solver': 'sgd', 'learning_rate_init': 0.0001, 'max_iter': 500}",0.6744559151785714,
"{'hidden_layer_sizes': (120,), 'activation': 'identity', 'solver': 'sgd', 'learning_rate_init': 0.0001, 'max_iter': 1000}",0.6741829038340666,
"{'hidden_layer_sizes': (120,), 'activation': 'identity', 'solver': 'sgd', 'learning_rate_init': 0.0001, 'max_iter': 1500}",0.6741829038340666,
"{'hidden_layer_sizes': (120,), 'activation': 'identity', 'solver': 'sgd', 'learning_rate_init': 0.0001, 'max_iter': 2000}",0.6741829038340666,
"{'hidden_layer_sizes': (120,), 'activation': 'identity', 'solver': 'sgd', 'learning_rate_init': 0.001, 'max_iter': 500}",0.6614917276681982,
"{'hidden_layer_sizes': (120,), 'activation': 'identity', 'solver': 'sgd', 'learning_rate_init': 0.001, 'max_iter': 1000}",0.6614917276681982,
"{'hidden_layer_sizes': (120,), 'activation': 'identity', 'solver': 'sgd', 'learning_rate_init': 0.001, 'max_iter': 1500}",0.6614917276681982,
"{'hidden_layer_sizes': (120,), 'activation': 'identity', 'solver': 'sgd', 'learning_rate_init': 0.001, 'max_iter': 2000}",0.6614917276681982,
"{'hidden_layer_sizes': (120,), 'activation': 'identity', 'solver': 'sgd', 'learning_rate_init': 0.01, 'max_iter': 500}",0.661136041568257,
"{'hidden_layer_sizes': (120,), 'activation': 'identity', 'solver': 'sgd', 'learning_rate_init': 0.01, 'max_iter': 1000}",0.661136041568257,
"{'hidden_layer_sizes': (120,), 'activation': 'identity', 'solver': 'sgd', 'learning_rate_init': 0.01, 'max_iter': 1500}",0.661136041568257,
"{'hidden_layer_sizes': (120,), 'activation': 'identity', 'solver': 'sgd', 'learning_rate_init': 0.01, 'max_iter': 2000}",0.661136041568257,
"{'hidden_layer_sizes': (120,), 'activation': 'identity', 'solver': 'sgd', 'learning_rate_init': 0.1, 'max_iter': 500}",0.6706098042288426,
"{'hidden_layer_sizes': (120,), 'activation': 'identity', 'solver': 'sgd', 'learning_rate_init': 0.1, 'max_iter': 1000}",0.6706098042288426,
"{'hidden_layer_sizes': (120,), 'activation': 'identity', 'solver': 'sgd', 'learning_rate_init': 0.1, 'max_iter': 1500}",0.6706098042288426,
"{'hidden_layer_sizes': (120,), 'activation': 'identity', 'solver': 'sgd', 'learning_rate_init': 0.1, 'max_iter': 2000}",0.6706098042288426,
"{'hidden_layer_sizes': (120,), 'activation': 'identity', 'solver': 'adam', 'learning_rate_init': 0.0001, 'max_iter': 500}",0.6574743347999162,
"{'hidden_layer_sizes': (120,), 'activation': 'identity', 'solver': 'adam', 'learning_rate_init': 0.0001, 'max_iter': 1000}",0.6574743347999162,
"{'hidden_layer_sizes': (120,), 'activation': 'identity', 'solver': 'adam', 'learning_rate_init': 0.0001, 'max_iter': 1500}",0.6574743347999162,
"{'hidden_layer_sizes': (120,), 'activation': 'identity', 'solver': 'adam', 'learning_rate_init': 0.0001, 'max_iter': 2000}",0.6574743347999162,
"{'hidden_layer_sizes': (120,), 'activation': 'identity', 'solver': 'adam', 'learning_rate_init': 0.001, 'max_iter': 500}",0.6571386946386947,
"{'hidden_layer_sizes': (120,), 'activation': 'identity', 'solver': 'adam', 'learning_rate_init': 0.001, 'max_iter': 1000}",0.6571386946386947,
"{'hidden_layer_sizes': (120,), 'activation': 'identity', 'solver': 'adam', 'learning_rate_init': 0.001, 'max_iter': 1500}",0.6571386946386947,
"{'hidden_layer_sizes': (120,), 'activation': 'identity', 'solver': 'adam', 'learning_rate_init': 0.001, 'max_iter': 2000}",0.6571386946386947,
"{'hidden_layer_sizes': (120,), 'activation': 'identity', 'solver': 'adam', 'learning_rate_init': 0.01, 'max_iter': 500}",0.6655011655011656,
"{'hidden_layer_sizes': (120,), 'activation': 'identity', 'solver': 'adam', 'learning_rate_init': 0.01, 'max_iter': 1000}",0.6655011655011656,
"{'hidden_layer_sizes': (120,), 'activation': 'identity', 'solver': 'adam', 'learning_rate_init': 0.01, 'max_iter': 1500}",0.6655011655011656,
"{'hidden_layer_sizes': (120,), 'activation': 'identity', 'solver': 'adam', 'learning_rate_init': 0.01, 'max_iter': 2000}",0.6655011655011656,
"{'hidden_layer_sizes': (120,), 'activation': 'identity', 'solver': 'adam', 'learning_rate_init': 0.1, 'max_iter': 500}",0.6351140851250549,
"{'hidden_layer_sizes': (120,), 'activation': 'identity', 'solver': 'adam', 'learning_rate_init': 0.1, 'max_iter': 1000}",0.6351140851250549,
"{'hidden_layer_sizes': (120,), 'activation': 'identity', 'solver': 'adam', 'learning_rate_init': 0.1, 'max_iter': 1500}",0.6351140851250549,
"{'hidden_layer_sizes': (120,), 'activation': 'identity', 'solver': 'adam', 'learning_rate_init': 0.1, 'max_iter': 2000}",0.6351140851250549,
"{'hidden_layer_sizes': (120,), 'activation': 'logistic', 'solver': 'sgd', 'learning_rate_init': 0.0001, 'max_iter': 500}",0.6293019814309628,
"{'hidden_layer_sizes': (120,), 'activation': 'logistic', 'solver': 'sgd', 'learning_rate_init': 0.0001, 'max_iter': 1000}",0.6750903781979978,
"{'hidden_layer_sizes': (120,), 'activation': 'logistic', 'solver': 'sgd', 'learning_rate_init': 0.0001, 'max_iter': 1500}",0.6750903781979978,
"{'hidden_layer_sizes': (120,), 'activation': 'logistic', 'solver': 'sgd', 'learning_rate_init': 0.0001, 'max_iter': 2000}",0.6750903781979978,
"{'hidden_layer_sizes': (120,), 'activation': 'logistic', 'solver': 'sgd', 'learning_rate_init': 0.001, 'max_iter': 500}",0.6952017646408776,
"{'hidden_layer_sizes': (120,), 'activation': 'logistic', 'solver': 'sgd', 'learning_rate_init': 0.001, 'max_iter': 1000}",0.6453703703703704,
"{'hidden_layer_sizes': (120,), 'activation': 'logistic', 'solver': 'sgd', 'learning_rate_init': 0.001, 'max_iter': 1500}",0.645097945129789,
"{'hidden_layer_sizes': (120,), 'activation': 'logistic', 'solver': 'sgd', 'learning_rate_init': 0.001, 'max_iter': 2000}",0.6367473085446075,
"{'hidden_layer_sizes': (120,), 'activation': 'logistic', 'solver': 'sgd', 'learning_rate_init': 0.01, 'max_iter': 500}",0.6453703703703704,
"{'hidden_layer_sizes': (120,), 'activation': 'logistic', 'solver': 'sgd', 'learning_rate_init': 0.01, 'max_iter': 1000}",0.6453703703703704,
"{'hidden_layer_sizes': (120,), 'activation': 'logistic', 'solver': 'sgd', 'learning_rate_init': 0.01, 'max_iter': 1500}",0.6453703703703704,
"{'hidden_layer_sizes': (120,), 'activation': 'logistic', 'solver': 'sgd', 'learning_rate_init': 0.01, 'max_iter': 2000}",0.6453703703703704,
"{'hidden_layer_sizes': (120,), 'activation': 'logistic', 'solver': 'sgd', 'learning_rate_init': 0.1, 'max_iter': 500}",0.6367473085446075,
"{'hidden_layer_sizes': (120,), 'activation': 'logistic', 'solver': 'sgd', 'learning_rate_init': 0.1, 'max_iter': 1000}",0.6367473085446075,
"{'hidden_layer_sizes': (120,), 'activation': 'logistic', 'solver': 'sgd', 'learning_rate_init': 0.1, 'max_iter': 1500}",0.6367473085446075,
"{'hidden_layer_sizes': (120,), 'activation': 'logistic', 'solver': 'sgd', 'learning_rate_init': 0.1, 'max_iter': 2000}",0.6367473085446075,
"{'hidden_layer_sizes': (120,), 'activation': 'logistic', 'solver': 'adam', 'learning_rate_init': 0.0001, 'max_iter': 500}",0.653133498721734,
"{'hidden_layer_sizes': (120,), 'activation': 'logistic', 'solver': 'adam', 'learning_rate_init': 0.0001, 'max_iter': 1000}",0.6367473085446075,
"{'hidden_layer_sizes': (120,), 'activation': 'logistic', 'solver': 'adam', 'learning_rate_init': 0.0001, 'max_iter': 1500}",0.6329756346828328,
"{'hidden_layer_sizes': (120,), 'activation': 'logistic', 'solver': 'adam', 'learning_rate_init': 0.0001, 'max_iter': 2000}",0.6329756346828328,
"{'hidden_layer_sizes': (120,), 'activation': 'logistic', 'solver': 'adam', 'learning_rate_init': 0.001, 'max_iter': 500}",0.6329756346828328,
"{'hidden_layer_sizes': (120,), 'activation': 'logistic', 'solver': 'adam', 'learning_rate_init': 0.001, 'max_iter': 1000}",0.6329756346828328,
"{'hidden_layer_sizes': (120,), 'activation': 'logistic', 'solver': 'adam', 'learning_rate_init': 0.001, 'max_iter': 1500}",0.6329756346828328,
"{'hidden_layer_sizes': (120,), 'activation': 'logistic', 'solver': 'adam', 'learning_rate_init': 0.001, 'max_iter': 2000}",0.6329756346828328,
"{'hidden_layer_sizes': (120,), 'activation': 'logistic', 'solver': 'adam', 'learning_rate_init': 0.01, 'max_iter': 500}",0.6246341718347154,
"{'hidden_layer_sizes': (120,), 'activation': 'logistic', 'solver': 'adam', 'learning_rate_init': 0.01, 'max_iter': 1000}",0.6246341718347154,
"{'hidden_layer_sizes': (120,), 'activation': 'logistic', 'solver': 'adam', 'learning_rate_init': 0.01, 'max_iter': 1500}",0.6246341718347154,
"{'hidden_layer_sizes': (120,), 'activation': 'logistic', 'solver': 'adam', 'learning_rate_init': 0.01, 'max_iter': 2000}",0.6246341718347154,
"{'hidden_layer_sizes': (120,), 'activation': 'logistic', 'solver': 'adam', 'learning_rate_init': 0.1, 'max_iter': 500}",0.6748642439431914,
"{'hidden_layer_sizes': (120,), 'activation': 'logistic', 'solver': 'adam', 'learning_rate_init': 0.1, 'max_iter': 1000}",0.6748642439431914,
"{'hidden_layer_sizes': (120,), 'activation': 'logistic', 'solver': 'adam', 'learning_rate_init': 0.1, 'max_iter': 1500}",0.6748642439431914,
"{'hidden_layer_sizes': (120,), 'activation': 'logistic', 'solver': 'adam', 'learning_rate_init': 0.1, 'max_iter': 2000}",0.6748642439431914,
"{'hidden_layer_sizes': (120,), 'activation': 'tanh', 'solver': 'sgd', 'learning_rate_init': 0.0001, 'max_iter': 500}",0.6479377104377105,
"{'hidden_layer_sizes': (120,), 'activation': 'tanh', 'solver': 'sgd', 'learning_rate_init': 0.0001, 'max_iter': 1000}",0.6571386946386947,
"{'hidden_layer_sizes': (120,), 'activation': 'tanh', 'solver': 'sgd', 'learning_rate_init': 0.0001, 'max_iter': 1500}",0.6527690302489546,
"{'hidden_layer_sizes': (120,), 'activation': 'tanh', 'solver': 'sgd', 'learning_rate_init': 0.0001, 'max_iter': 2000}",0.6483822396526367,
"{'hidden_layer_sizes': (120,), 'activation': 'tanh', 'solver': 'sgd', 'learning_rate_init': 0.001, 'max_iter': 500}",0.6444020189296523,
"{'hidden_layer_sizes': (120,), 'activation': 'tanh', 'solver': 'sgd', 'learning_rate_init': 0.001, 'max_iter': 1000}",0.6567540910894787,
"{'hidden_layer_sizes': (120,), 'activation': 'tanh', 'solver': 'sgd', 'learning_rate_init': 0.001, 'max_iter': 1500}",0.6567540910894787,
"{'hidden_layer_sizes': (120,), 'activation': 'tanh', 'solver': 'sgd', 'learning_rate_init': 0.001, 'max_iter': 2000}",0.6567540910894787,
"{'hidden_layer_sizes': (120,), 'activation': 'tanh', 'solver': 'sgd', 'learning_rate_init': 0.01, 'max_iter': 500}",0.6527690302489546,
"{'hidden_layer_sizes': (120,), 'activation': 'tanh', 'solver': 'sgd', 'learning_rate_init': 0.01, 'max_iter': 1000}",0.6527690302489546,
"{'hidden_layer_sizes': (120,), 'activation': 'tanh', 'solver': 'sgd', 'learning_rate_init': 0.01, 'max_iter': 1500}",0.6527690302489546,
"{'hidden_layer_sizes': (120,), 'activation': 'tanh', 'solver': 'sgd', 'learning_rate_init': 0.01, 'max_iter': 2000}",0.6527690302489546,
"{'hidden_layer_sizes': (120,), 'activation': 'tanh', 'solver': 'sgd', 'learning_rate_init': 0.1, 'max_iter': 500}",0.6567540910894787,
"{'hidden_layer_sizes': (120,), 'activation': 'tanh', 'solver': 'sgd', 'learning_rate_init': 0.1, 'max_iter': 1000}",0.6567540910894787,
"{'hidden_layer_sizes': (120,), 'activation': 'tanh', 'solver': 'sgd', 'learning_rate_init': 0.1, 'max_iter': 1500}",0.6567540910894787,
"{'hidden_layer_sizes': (120,), 'activation': 'tanh', 'solver': 'sgd', 'learning_rate_init': 0.1, 'max_iter': 2000}",0.6567540910894787,
"{'hidden_layer_sizes': (120,), 'activation': 'tanh', 'solver': 'adam', 'learning_rate_init': 0.0001, 'max_iter': 500}",0.6306537371466047,
"{'hidden_layer_sizes': (120,), 'activation': 'tanh', 'solver': 'adam', 'learning_rate_init': 0.0001, 'max_iter': 1000}",0.6395552749719416,
"{'hidden_layer_sizes': (120,), 'activation': 'tanh', 'solver': 'adam', 'learning_rate_init': 0.0001, 'max_iter': 1500}",0.6395552749719416,
"{'hidden_layer_sizes': (120,), 'activation': 'tanh', 'solver': 'adam', 'learning_rate_init': 0.0001, 'max_iter': 2000}",0.6395552749719416,
"{'hidden_layer_sizes': (120,), 'activation': 'tanh', 'solver': 'adam', 'learning_rate_init': 0.001, 'max_iter': 500}",0.6571386946386947,
"{'hidden_layer_sizes': (120,), 'activation': 'tanh', 'solver': 'adam', 'learning_rate_init': 0.001, 'max_iter': 1000}",0.6571386946386947,
"{'hidden_layer_sizes': (120,), 'activation': 'tanh', 'solver': 'adam', 'learning_rate_init': 0.001, 'max_iter': 1500}",0.6571386946386947,
"{'hidden_layer_sizes': (120,), 'activation': 'tanh', 'solver': 'adam', 'learning_rate_init': 0.001, 'max_iter': 2000}",0.6571386946386947,
"{'hidden_layer_sizes': (120,), 'activation': 'tanh', 'solver': 'adam', 'learning_rate_init': 0.01, 'max_iter': 500}",0.6574743347999162,
"{'hidden_layer_sizes': (120,), 'activation': 'tanh', 'solver': 'adam', 'learning_rate_init': 0.01, 'max_iter': 1000}",0.6574743347999162,
"{'hidden_layer_sizes': (120,), 'activation': 'tanh', 'solver': 'adam', 'learning_rate_init': 0.01, 'max_iter': 1500}",0.6574743347999162,
"{'hidden_layer_sizes': (120,), 'activation': 'tanh', 'solver': 'adam', 'learning_rate_init': 0.01, 'max_iter': 2000}",0.6574743347999162,
"{'hidden_layer_sizes': (120,), 'activation': 'tanh', 'solver': 'adam', 'learning_rate_init': 0.1, 'max_iter': 500}",0.6874401955496791,
"{'hidden_layer_sizes': (120,), 'activation': 'tanh', 'solver': 'adam', 'learning_rate_init': 0.1, 'max_iter': 1000}",0.6874401955496791,
"{'hidden_layer_sizes': (120,), 'activation': 'tanh', 'solver': 'adam', 'learning_rate_init': 0.1, 'max_iter': 1500}",0.6874401955496791,
"{'hidden_layer_sizes': (120,), 'activation': 'tanh', 'solver': 'adam', 'learning_rate_init': 0.1, 'max_iter': 2000}",0.6874401955496791,
"{'hidden_layer_sizes': (120,), 'activation': 'relu', 'solver': 'sgd', 'learning_rate_init': 0.0001, 'max_iter': 500}",0.6584283463107156,
"{'hidden_layer_sizes': (120,), 'activation': 'relu', 'solver': 'sgd', 'learning_rate_init': 0.0001, 'max_iter': 1000}",0.675,
"{'hidden_layer_sizes': (120,), 'activation': 'relu', 'solver': 'sgd', 'learning_rate_init': 0.0001, 'max_iter': 1500}",0.6583333333333333,
"{'hidden_layer_sizes': (120,), 'activation': 'relu', 'solver': 'sgd', 'learning_rate_init': 0.0001, 'max_iter': 2000}",0.6583333333333333,
"{'hidden_layer_sizes': (120,), 'activation': 'relu', 'solver': 'sgd', 'learning_rate_init': 0.001, 'max_iter': 500}",0.6541004830749781,
"{'hidden_layer_sizes': (120,), 'activation': 'relu', 'solver': 'sgd', 'learning_rate_init': 0.001, 'max_iter': 1000}",0.6541004830749781,
"{'hidden_layer_sizes': (120,), 'activation': 'relu', 'solver': 'sgd', 'learning_rate_init': 0.001, 'max_iter': 1500}",0.6541004830749781,
"{'hidden_layer_sizes': (120,), 'activation': 'relu', 'solver': 'sgd', 'learning_rate_init': 0.001, 'max_iter': 2000}",0.6541004830749781,
"{'hidden_layer_sizes': (120,), 'activation': 'relu', 'solver': 'sgd', 'learning_rate_init': 0.01, 'max_iter': 500}",0.6583333333333333,
"{'hidden_layer_sizes': (120,), 'activation': 'relu', 'solver': 'sgd', 'learning_rate_init': 0.01, 'max_iter': 1000}",0.6583333333333333,
"{'hidden_layer_sizes': (120,), 'activation': 'relu', 'solver': 'sgd', 'learning_rate_init': 0.01, 'max_iter': 1500}",0.6583333333333333,
"{'hidden_layer_sizes': (120,), 'activation': 'relu', 'solver': 'sgd', 'learning_rate_init': 0.01, 'max_iter': 2000}",0.6583333333333333,
"{'hidden_layer_sizes': (120,), 'activation': 'relu', 'solver': 'sgd', 'learning_rate_init': 0.1, 'max_iter': 500}",0.6706098042288426,
"{'hidden_layer_sizes': (120,), 'activation': 'relu', 'solver': 'sgd', 'learning_rate_init': 0.1, 'max_iter': 1000}",0.6706098042288426,
"{'hidden_layer_sizes': (120,), 'activation': 'relu', 'solver': 'sgd', 'learning_rate_init': 0.1, 'max_iter': 1500}",0.6706098042288426,
"{'hidden_layer_sizes': (120,), 'activation': 'relu', 'solver': 'sgd', 'learning_rate_init': 0.1, 'max_iter': 2000}",0.6706098042288426,
"{'hidden_layer_sizes': (120,), 'activation': 'relu', 'solver': 'adam', 'learning_rate_init': 0.0001, 'max_iter': 500}",0.6580000232271851,
"{'hidden_layer_sizes': (120,), 'activation': 'relu', 'solver': 'adam', 'learning_rate_init': 0.0001, 'max_iter': 1000}",0.6580000232271851,
"{'hidden_layer_sizes': (120,), 'activation': 'relu', 'solver': 'adam', 'learning_rate_init': 0.0001, 'max_iter': 1500}",0.6580000232271851,
"{'hidden_layer_sizes': (120,), 'activation': 'relu', 'solver': 'adam', 'learning_rate_init': 0.0001, 'max_iter': 2000}",0.6580000232271851,
"{'hidden_layer_sizes': (120,), 'activation': 'relu', 'solver': 'adam', 'learning_rate_init': 0.001, 'max_iter': 500}",0.6622708119308387,
"{'hidden_layer_sizes': (120,), 'activation': 'relu', 'solver': 'adam', 'learning_rate_init': 0.001, 'max_iter': 1000}",0.6622708119308387,
"{'hidden_layer_sizes': (120,), 'activation': 'relu', 'solver': 'adam', 'learning_rate_init': 0.001, 'max_iter': 1500}",0.6622708119308387,
"{'hidden_layer_sizes': (120,), 'activation': 'relu', 'solver': 'adam', 'learning_rate_init': 0.001, 'max_iter': 2000}",0.6622708119308387,
"{'hidden_layer_sizes': (120,), 'activation': 'relu', 'solver': 'adam', 'learning_rate_init': 0.01, 'max_iter': 500}",0.67468294892342,
"{'hidden_layer_sizes': (120,), 'activation': 'relu', 'solver': 'adam', 'learning_rate_init': 0.01, 'max_iter': 1000}",0.67468294892342,
"{'hidden_layer_sizes': (120,), 'activation': 'relu', 'solver': 'adam', 'learning_rate_init': 0.01, 'max_iter': 1500}",0.67468294892342,
"{'hidden_layer_sizes': (120,), 'activation': 'relu', 'solver': 'adam', 'learning_rate_init': 0.01, 'max_iter': 2000}",0.67468294892342,
"{'hidden_layer_sizes': (120,), 'activation': 'relu', 'solver': 'adam', 'learning_rate_init': 0.1, 'max_iter': 500}",0.6410667782738095,
"{'hidden_layer_sizes': (120,), 'activation': 'relu', 'solver': 'adam', 'learning_rate_init': 0.1, 'max_iter': 1000}",0.6410667782738095,
"{'hidden_layer_sizes': (120,), 'activation': 'relu', 'solver': 'adam', 'learning_rate_init': 0.1, 'max_iter': 1500}",0.6410667782738095,
"{'hidden_layer_sizes': (120,), 'activation': 'relu', 'solver': 'adam', 'learning_rate_init': 0.1, 'max_iter': 2000}",0.6410667782738095,
"{'hidden_layer_sizes': (60,), 'activation': 'identity', 'solver': 'sgd', 'learning_rate_init': 0.0001, 'max_iter': 500}",0.6782081855611267,
"{'hidden_layer_sizes': (60,), 'activation': 'identity', 'solver': 'sgd', 'learning_rate_init': 0.0001, 'max_iter': 1000}",0.6651259425263208,
"{'hidden_layer_sizes': (60,), 'activation': 'identity', 'solver': 'sgd', 'learning_rate_init': 0.0001, 'max_iter': 1500}",0.6651259425263208,
"{'hidden_layer_sizes': (60,), 'activation': 'identity', 'solver': 'sgd', 'learning_rate_init': 0.0001, 'max_iter': 2000}",0.6651259425263208,
"{'hidden_layer_sizes': (60,), 'activation': 'identity', 'solver': 'sgd', 'learning_rate_init': 0.001, 'max_iter': 500}",0.6444020189296523,
"{'hidden_layer_sizes': (60,), 'activation': 'identity', 'solver': 'sgd', 'learning_rate_init': 0.001, 'max_iter': 1000}",0.6444020189296523,
"{'hidden_layer_sizes': (60,), 'activation': 'identity', 'solver': 'sgd', 'learning_rate_init': 0.001, 'max_iter': 1500}",0.6444020189296523,
"{'hidden_layer_sizes': (60,), 'activation': 'identity', 'solver': 'sgd', 'learning_rate_init': 0.001, 'max_iter': 2000}",0.6444020189296523,
"{'hidden_layer_sizes': (60,), 'activation': 'identity', 'solver': 'sgd', 'learning_rate_init': 0.01, 'max_iter': 500}",0.6494140625,
"{'hidden_layer_sizes': (60,), 'activation': 'identity', 'solver': 'sgd', 'learning_rate_init': 0.01, 'max_iter': 1000}",0.6494140625,
"{'hidden_layer_sizes': (60,), 'activation': 'identity', 'solver': 'sgd', 'learning_rate_init': 0.01, 'max_iter': 1500}",0.6494140625,
"{'hidden_layer_sizes': (60,), 'activation': 'identity', 'solver': 'sgd', 'learning_rate_init': 0.01, 'max_iter': 2000}",0.6494140625,
"{'hidden_layer_sizes': (60,), 'activation': 'identity', 'solver': 'sgd', 'learning_rate_init': 0.1, 'max_iter': 500}",0.6527690302489546,
"{'hidden_layer_sizes': (60,), 'activation': 'identity', 'solver': 'sgd', 'learning_rate_init': 0.1, 'max_iter': 1000}",0.6527690302489546,
"{'hidden_layer_sizes': (60,), 'activation': 'identity', 'solver': 'sgd', 'learning_rate_init': 0.1, 'max_iter': 1500}",0.6527690302489546,
"{'hidden_layer_sizes': (60,), 'activation': 'identity', 'solver': 'sgd', 'learning_rate_init': 0.1, 'max_iter': 2000}",0.6527690302489546,
"{'hidden_layer_sizes': (60,), 'activation': 'identity', 'solver': 'adam', 'learning_rate_init': 0.0001, 'max_iter': 500}",0.6534485817149703,
"{'hidden_layer_sizes': (60,), 'activation': 'identity', 'solver': 'adam', 'learning_rate_init': 0.0001, 'max_iter': 1000}",0.6534485817149703,
"{'hidden_layer_sizes': (60,), 'activation': 'identity', 'solver': 'adam', 'learning_rate_init': 0.0001, 'max_iter': 1500}",0.6534485817149703,
"{'hidden_layer_sizes': (60,), 'activation': 'identity', 'solver': 'adam', 'learning_rate_init': 0.0001, 'max_iter': 2000}",0.6534485817149703,
"{'hidden_layer_sizes': (60,), 'activation': 'identity', 'solver': 'adam', 'learning_rate_init': 0.001, 'max_iter': 500}",0.6571386946386947,
"{'hidden_layer_sizes': (60,), 'activation': 'identity', 'solver': 'adam', 'learning_rate_init': 0.001, 'max_iter': 1000}",0.6571386946386947,
"{'hidden_layer_sizes': (60,), 'activation': 'identity', 'solver': 'adam', 'learning_rate_init': 0.001, 'max_iter': 1500}",0.6571386946386947,
"{'hidden_layer_sizes': (60,), 'activation': 'identity', 'solver': 'adam', 'learning_rate_init': 0.001, 'max_iter': 2000}",0.6571386946386947,
"{'hidden_layer_sizes': (60,), 'activation': 'identity', 'solver': 'adam', 'learning_rate_init': 0.01, 'max_iter': 500}",0.666108630952381,
"{'hidden_layer_sizes': (60,), 'activation': 'identity', 'solver': 'adam', 'learning_rate_init': 0.01, 'max_iter': 1000}",0.666108630952381,
"{'hidden_layer_sizes': (60,), 'activation': 'identity', 'solver': 'adam', 'learning_rate_init': 0.01, 'max_iter': 1500}",0.666108630952381,
"{'hidden_layer_sizes': (60,), 'activation': 'identity', 'solver': 'adam', 'learning_rate_init': 0.01, 'max_iter': 2000}",0.666108630952381,
"{'hidden_layer_sizes': (60,), 'activation': 'identity', 'solver': 'adam', 'learning_rate_init': 0.1, 'max_iter': 500}",0.6188468457418537,
"{'hidden_layer_sizes': (60,), 'activation': 'identity', 'solver': 'adam', 'learning_rate_init': 0.1, 'max_iter': 1000}",0.6188468457418537,
"{'hidden_layer_sizes': (60,), 'activation': 'identity', 'solver': 'adam', 'learning_rate_init': 0.1, 'max_iter': 1500}",0.6188468457418537,
"{'hidden_layer_sizes': (60,), 'activation': 'identity', 'solver': 'adam', 'learning_rate_init': 0.1, 'max_iter': 2000}",0.6188468457418537,
"{'hidden_layer_sizes': (60,), 'activation': 'logistic', 'solver': 'sgd', 'learning_rate_init': 0.0001, 'max_iter': 500}",0.6084965731221637,
"{'hidden_layer_sizes': (60,), 'activation': 'logistic', 'solver': 'sgd', 'learning_rate_init': 0.0001, 'max_iter': 1000}",0.6084965731221637,
"{'hidden_layer_sizes': (60,), 'activation': 'logistic', 'solver': 'sgd', 'learning_rate_init': 0.0001, 'max_iter': 1500}",0.6084965731221637,
"{'hidden_layer_sizes': (60,), 'activation': 'logistic', 'solver': 'sgd', 'learning_rate_init': 0.0001, 'max_iter': 2000}",0.6084965731221637,
"{'hidden_layer_sizes': (60,), 'activation': 'logistic', 'solver': 'sgd', 'learning_rate_init': 0.001, 'max_iter': 500}",0.699874686716792,
"{'hidden_layer_sizes': (60,), 'activation': 'logistic', 'solver': 'sgd', 'learning_rate_init': 0.001, 'max_iter': 1000}",0.6992457573852922,
"{'hidden_layer_sizes': (60,), 'activation': 'logistic', 'solver': 'sgd', 'learning_rate_init': 0.001, 'max_iter': 1500}",0.6614917276681982,
"{'hidden_layer_sizes': (60,), 'activation': 'logistic', 'solver': 'sgd', 'learning_rate_init': 0.001, 'max_iter': 2000}",0.6571386946386947,
"{'hidden_layer_sizes': (60,), 'activation': 'logistic', 'solver': 'sgd', 'learning_rate_init': 0.01, 'max_iter': 500}",0.6534485817149703,
"{'hidden_layer_sizes': (60,), 'activation': 'logistic', 'solver': 'sgd', 'learning_rate_init': 0.01, 'max_iter': 1000}",0.6534485817149703,
"{'hidden_layer_sizes': (60,), 'activation': 'logistic', 'solver': 'sgd', 'learning_rate_init': 0.01, 'max_iter': 1500}",0.6534485817149703,
"{'hidden_layer_sizes': (60,), 'activation': 'logistic', 'solver': 'sgd', 'learning_rate_init': 0.01, 'max_iter': 2000}",0.6534485817149703,
"{'hidden_layer_sizes': (60,), 'activation': 'logistic', 'solver': 'sgd', 'learning_rate_init': 0.1, 'max_iter': 500}",0.6453703703703704,
"{'hidden_layer_sizes': (60,), 'activation': 'logistic', 'solver': 'sgd', 'learning_rate_init': 0.1, 'max_iter': 1000}",0.6453703703703704,
"{'hidden_layer_sizes': (60,), 'activation': 'logistic', 'solver': 'sgd', 'learning_rate_init': 0.1, 'max_iter': 1500}",0.6453703703703704,
"{'hidden_layer_sizes': (60,), 'activation': 'logistic', 'solver': 'sgd', 'learning_rate_init': 0.1, 'max_iter': 2000}",0.6453703703703704,
"{'hidden_layer_sizes': (60,), 'activation': 'logistic', 'solver': 'adam', 'learning_rate_init': 0.0001, 'max_iter': 500}",0.6624354111936533,
"{'hidden_layer_sizes': (60,), 'activation': 'logistic', 'solver': 'adam', 'learning_rate_init': 0.0001, 'max_iter': 1000}",0.6413170975309502,
"{'hidden_layer_sizes': (60,), 'activation': 'logistic', 'solver': 'adam', 'learning_rate_init': 0.0001, 'max_iter': 1500}",0.6372538350368269,
"{'hidden_layer_sizes': (60,), 'activation': 'logistic', 'solver': 'adam', 'learning_rate_init': 0.0001, 'max_iter': 2000}",0.6372538350368269,
"{'hidden_layer_sizes': (60,), 'activation': 'logistic', 'solver': 'adam', 'learning_rate_init': 0.001, 'max_iter': 500}",0.6372538350368269,
"{'hidden_layer_sizes': (60,), 'activation': 'logistic', 'solver': 'adam', 'learning_rate_init': 0.001, 'max_iter': 1000}",0.6372538350368269,
"{'hidden_layer_sizes': (60,), 'activation': 'logistic', 'solver': 'adam', 'learning_rate_init': 0.001, 'max_iter': 1500}",0.6372538350368269,
"{'hidden_layer_sizes': (60,), 'activation': 'logistic', 'solver': 'adam', 'learning_rate_init': 0.001, 'max_iter': 2000}",0.6372538350368269,
"{'hidden_layer_sizes': (60,), 'activation': 'logistic', 'solver': 'adam', 'learning_rate_init': 0.01, 'max_iter': 500}",0.6370261437908497,
"{'hidden_layer_sizes': (60,), 'activation': 'logistic', 'solver': 'adam', 'learning_rate_init': 0.01, 'max_iter': 1000}",0.6370261437908497,
"{'hidden_layer_sizes': (60,), 'activation': 'logistic', 'solver': 'adam', 'learning_rate_init': 0.01, 'max_iter': 1500}",0.6370261437908497,
"{'hidden_layer_sizes': (60,), 'activation': 'logistic', 'solver': 'adam', 'learning_rate_init': 0.01, 'max_iter': 2000}",0.6370261437908497,
"{'hidden_layer_sizes': (60,), 'activation': 'logistic', 'solver': 'adam', 'learning_rate_init': 0.1, 'max_iter': 500}",0.632719494047619,
"{'hidden_layer_sizes': (60,), 'activation': 'logistic', 'solver': 'adam', 'learning_rate_init': 0.1, 'max_iter': 1000}",0.632719494047619,
"{'hidden_layer_sizes': (60,), 'activation': 'logistic', 'solver': 'adam', 'learning_rate_init': 0.1, 'max_iter': 1500}",0.632719494047619,
"{'hidden_layer_sizes': (60,), 'activation': 'logistic', 'solver': 'adam', 'learning_rate_init': 0.1, 'max_iter': 2000}",0.632719494047619,
"{'hidden_layer_sizes': (60,), 'activation': 'tanh', 'solver': 'sgd', 'learning_rate_init': 0.0001, 'max_iter': 500}",0.6407657657657657,
"{'hidden_layer_sizes': (60,), 'activation': 'tanh', 'solver': 'sgd', 'learning_rate_init': 0.0001, 'max_iter': 1000}",0.6698499566146625,
"{'hidden_layer_sizes': (60,), 'activation': 'tanh', 'solver': 'sgd', 'learning_rate_init': 0.0001, 'max_iter': 1500}",0.6782081855611267,
"{'hidden_layer_sizes': (60,), 'activation': 'tanh', 'solver': 'sgd', 'learning_rate_init': 0.0001, 'max_iter': 2000}",0.686566414507591,
"{'hidden_layer_sizes': (60,), 'activation': 'tanh', 'solver': 'sgd', 'learning_rate_init': 0.001, 'max_iter': 500}",0.6744559151785714,
"{'hidden_layer_sizes': (60,), 'activation': 'tanh', 'solver': 'sgd', 'learning_rate_init': 0.001, 'max_iter': 1000}",0.6617992183001518,
"{'hidden_layer_sizes': (60,), 'activation': 'tanh', 'solver': 'sgd', 'learning_rate_init': 0.001, 'max_iter': 1500}",0.6617992183001518,
"{'hidden_layer_sizes': (60,), 'activation': 'tanh', 'solver': 'sgd', 'learning_rate_init': 0.001, 'max_iter': 2000}",0.6617992183001518,
"{'hidden_layer_sizes': (60,), 'activation': 'tanh', 'solver': 'sgd', 'learning_rate_init': 0.01, 'max_iter': 500}",0.6574743347999162,
"{'hidden_layer_sizes': (60,), 'activation': 'tanh', 'solver': 'sgd', 'learning_rate_init': 0.01, 'max_iter': 1000}",0.6574743347999162,
"{'hidden_layer_sizes': (60,), 'activation': 'tanh', 'solver': 'sgd', 'learning_rate_init': 0.01, 'max_iter': 1500}",0.6574743347999162,
"{'hidden_layer_sizes': (60,), 'activation': 'tanh', 'solver': 'sgd', 'learning_rate_init': 0.01, 'max_iter': 2000}",0.6574743347999162,
"{'hidden_layer_sizes': (60,), 'activation': 'tanh', 'solver': 'sgd', 'learning_rate_init': 0.1, 'max_iter': 500}",0.6494140625,
"{'hidden_layer_sizes': (60,), 'activation': 'tanh', 'solver': 'sgd', 'learning_rate_init': 0.1, 'max_iter': 1000}",0.6494140625,
"{'hidden_layer_sizes': (60,), 'activation': 'tanh', 'solver': 'sgd', 'learning_rate_init': 0.1, 'max_iter': 1500}",0.6494140625,
"{'hidden_layer_sizes': (60,), 'activation': 'tanh', 'solver': 'sgd', 'learning_rate_init': 0.1, 'max_iter': 2000}",0.6494140625,
"{'hidden_layer_sizes': (60,), 'activation': 'tanh', 'solver': 'adam', 'learning_rate_init': 0.0001, 'max_iter': 500}",0.67468294892342,
"{'hidden_layer_sizes': (60,), 'activation': 'tanh', 'solver': 'adam', 'learning_rate_init': 0.0001, 'max_iter': 1000}",0.6704030501089324,
"{'hidden_layer_sizes': (60,), 'activation': 'tanh', 'solver': 'adam', 'learning_rate_init': 0.0001, 'max_iter': 1500}",0.6704030501089324,
"{'hidden_layer_sizes': (60,), 'activation': 'tanh', 'solver': 'adam', 'learning_rate_init': 0.0001, 'max_iter': 2000}",0.6704030501089324,
"{'hidden_layer_sizes': (60,), 'activation': 'tanh', 'solver': 'adam', 'learning_rate_init': 0.001, 'max_iter': 500}",0.686566414507591,
"{'hidden_layer_sizes': (60,), 'activation': 'tanh', 'solver': 'adam', 'learning_rate_init': 0.001, 'max_iter': 1000}",0.686566414507591,
"{'hidden_layer_sizes': (60,), 'activation': 'tanh', 'solver': 'adam', 'learning_rate_init': 0.001, 'max_iter': 1500}",0.686566414507591,
"{'hidden_layer_sizes': (60,), 'activation': 'tanh', 'solver': 'adam', 'learning_rate_init': 0.001, 'max_iter': 2000}",0.686566414507591,
"{'hidden_layer_sizes': (60,), 'activation': 'tanh', 'solver': 'adam', 'learning_rate_init': 0.01, 'max_iter': 500}",0.6574743347999162,
"{'hidden_layer_sizes': (60,), 'activation': 'tanh', 'solver': 'adam', 'learning_rate_init': 0.01, 'max_iter': 1000}",0.6574743347999162,
"{'hidden_layer_sizes': (60,), 'activation': 'tanh', 'solver': 'adam', 'learning_rate_init': 0.01, 'max_iter': 1500}",0.6574743347999162,
"{'hidden_layer_sizes': (60,), 'activation': 'tanh', 'solver': 'adam', 'learning_rate_init': 0.01, 'max_iter': 2000}",0.6574743347999162,
"{'hidden_layer_sizes': (60,), 'activation': 'tanh', 'solver': 'adam', 'learning_rate_init': 0.1, 'max_iter': 500}",0.6862370755261639,
"{'hidden_layer_sizes': (60,), 'activation': 'tanh', 'solver': 'adam', 'learning_rate_init': 0.1, 'max_iter': 1000}",0.6862370755261639,
"{'hidden_layer_sizes': (60,), 'activation': 'tanh', 'solver': 'adam', 'learning_rate_init': 0.1, 'max_iter': 1500}",0.6862370755261639,
"{'hidden_layer_sizes': (60,), 'activation': 'tanh', 'solver': 'adam', 'learning_rate_init': 0.1, 'max_iter': 2000}",0.6862370755261639,
"{'hidden_layer_sizes': (60,), 'activation': 'relu', 'solver': 'sgd', 'learning_rate_init': 0.0001, 'max_iter': 500}",0.6251562934148375,
"{'hidden_layer_sizes': (60,), 'activation': 'relu', 'solver': 'sgd', 'learning_rate_init': 0.0001, 'max_iter': 1000}",0.6539318196328348,
"{'hidden_layer_sizes': (60,), 'activation': 'relu', 'solver': 'sgd', 'learning_rate_init': 0.0001, 'max_iter': 1500}",0.6496585603790678,
"{'hidden_layer_sizes': (60,), 'activation': 'relu', 'solver': 'sgd', 'learning_rate_init': 0.0001, 'max_iter': 2000}",0.6537145969498911,
"{'hidden_layer_sizes': (60,), 'activation': 'relu', 'solver': 'sgd', 'learning_rate_init': 0.001, 'max_iter': 500}",0.6620588235294118,
"{'hidden_layer_sizes': (60,), 'activation': 'relu', 'solver': 'sgd', 'learning_rate_init': 0.001, 'max_iter': 1000}",0.6620588235294118,
"{'hidden_layer_sizes': (60,), 'activation': 'relu', 'solver': 'sgd', 'learning_rate_init': 0.001, 'max_iter': 1500}",0.6620588235294118,
"{'hidden_layer_sizes': (60,), 'activation': 'relu', 'solver': 'sgd', 'learning_rate_init': 0.001, 'max_iter': 2000}",0.6620588235294118,
"{'hidden_layer_sizes': (60,), 'activation': 'relu', 'solver': 'sgd', 'learning_rate_init': 0.01, 'max_iter': 500}",0.6537145969498911,
"{'hidden_layer_sizes': (60,), 'activation': 'relu', 'solver': 'sgd', 'learning_rate_init': 0.01, 'max_iter': 1000}",0.6537145969498911,
"{'hidden_layer_sizes': (60,), 'activation': 'relu', 'solver': 'sgd', 'learning_rate_init': 0.01, 'max_iter': 1500}",0.6537145969498911,
"{'hidden_layer_sizes': (60,), 'activation': 'relu', 'solver': 'sgd', 'learning_rate_init': 0.01, 'max_iter': 2000}",0.6537145969498911,
"{'hidden_layer_sizes': (60,), 'activation': 'relu', 'solver': 'sgd', 'learning_rate_init': 0.1, 'max_iter': 500}",0.6792837367436418,
"{'hidden_layer_sizes': (60,), 'activation': 'relu', 'solver': 'sgd', 'learning_rate_init': 0.1, 'max_iter': 1000}",0.6792837367436418,
"{'hidden_layer_sizes': (60,), 'activation': 'relu', 'solver': 'sgd', 'learning_rate_init': 0.1, 'max_iter': 1500}",0.6792837367436418,
"{'hidden_layer_sizes': (60,), 'activation': 'relu', 'solver': 'sgd', 'learning_rate_init': 0.1, 'max_iter': 2000}",0.6792837367436418,
"{'hidden_layer_sizes': (60,), 'activation': 'relu', 'solver': 'adam', 'learning_rate_init': 0.0001, 'max_iter': 500}",0.6584282473319907,
"{'hidden_layer_sizes': (60,), 'activation': 'relu', 'solver': 'adam', 'learning_rate_init': 0.0001, 'max_iter': 1000}",0.6709533607681756,
"{'hidden_layer_sizes': (60,), 'activation': 'relu', 'solver': 'adam', 'learning_rate_init': 0.0001, 'max_iter': 1500}",0.6709533607681756,
"{'hidden_layer_sizes': (60,), 'activation': 'relu', 'solver': 'adam', 'learning_rate_init': 0.0001, 'max_iter': 2000}",0.6709533607681756,
"{'hidden_layer_sizes': (60,), 'activation': 'relu', 'solver': 'adam', 'learning_rate_init': 0.001, 'max_iter': 500}",0.6834213941416389,
"{'hidden_layer_sizes': (60,), 'activation': 'relu', 'solver': 'adam', 'learning_rate_init': 0.001, 'max_iter': 1000}",0.6834213941416389,
"{'hidden_layer_sizes': (60,), 'activation': 'relu', 'solver': 'adam', 'learning_rate_init': 0.001, 'max_iter': 1500}",0.6834213941416389,
"{'hidden_layer_sizes': (60,), 'activation': 'relu', 'solver': 'adam', 'learning_rate_init': 0.001, 'max_iter': 2000}",0.6834213941416389,
"{'hidden_layer_sizes': (60,), 'activation': 'relu', 'solver': 'adam', 'learning_rate_init': 0.01, 'max_iter': 500}",0.6624354111936533,
"{'hidden_layer_sizes': (60,), 'activation': 'relu', 'solver': 'adam', 'learning_rate_init': 0.01, 'max_iter': 1000}",0.6624354111936533,
"{'hidden_layer_sizes': (60,), 'activation': 'relu', 'solver': 'adam', 'learning_rate_init': 0.01, 'max_iter': 1500}",0.6624354111936533,
"{'hidden_layer_sizes': (60,), 'activation': 'relu', 'solver': 'adam', 'learning_rate_init': 0.01, 'max_iter': 2000}",0.6624354111936533,
"{'hidden_layer_sizes': (60,), 'activation': 'relu', 'solver': 'adam', 'learning_rate_init': 0.1, 'max_iter': 500}",0.6410667782738095,
"{'hidden_layer_sizes': (60,), 'activation': 'relu', 'solver': 'adam', 'learning_rate_init': 0.1, 'max_iter': 1000}",0.6410667782738095,
"{'hidden_layer_sizes': (60,), 'activation': 'relu', 'solver': 'adam', 'learning_rate_init': 0.1, 'max_iter': 1500}",0.6410667782738095,
"{'hidden_layer_sizes': (60,), 'activation': 'relu', 'solver': 'adam', 'learning_rate_init': 0.1, 'max_iter': 2000}",0.6410667782738095,
"{'hidden_layer_sizes': (100,), 'activation': 'identity', 'solver': 'sgd', 'learning_rate_init': 0.0001, 'max_iter': 500}",0.6416666666666667,
"{'hidden_layer_sizes': (100,), 'activation': 'identity', 'solver': 'sgd', 'learning_rate_init': 0.0001, 'max_iter': 1000}",0.6416666666666667,
"{'hidden_layer_sizes': (100,), 'activation': 'identity', 'solver': 'sgd', 'learning_rate_init': 0.0001, 'max_iter': 1500}",0.6416666666666667,
"{'hidden_layer_sizes': (100,), 'activation': 'identity', 'solver': 'sgd', 'learning_rate_init': 0.0001, 'max_iter': 2000}",0.6416666666666667,
"{'hidden_layer_sizes': (100,), 'activation': 'identity', 'solver': 'sgd', 'learning_rate_init': 0.001, 'max_iter': 500}",0.6494140625,
"{'hidden_layer_sizes': (100,), 'activation': 'identity', 'solver': 'sgd', 'learning_rate_init': 0.001, 'max_iter': 1000}",0.6494140625,
"{'hidden_layer_sizes': (100,), 'activation': 'identity', 'solver': 'sgd', 'learning_rate_init': 0.001, 'max_iter': 1500}",0.6494140625,
"{'hidden_layer_sizes': (100,), 'activation': 'identity', 'solver': 'sgd', 'learning_rate_init': 0.001, 'max_iter': 2000}",0.6494140625,
"{'hidden_layer_sizes': (100,), 'activation': 'identity', 'solver': 'sgd', 'learning_rate_init': 0.01, 'max_iter': 500}",0.6494140625,
"{'hidden_layer_sizes': (100,), 'activation': 'identity', 'solver': 'sgd', 'learning_rate_init': 0.01, 'max_iter': 1000}",0.6494140625,
"{'hidden_layer_sizes': (100,), 'activation': 'identity', 'solver': 'sgd', 'learning_rate_init': 0.01, 'max_iter': 1500}",0.6494140625,
"{'hidden_layer_sizes': (100,), 'activation': 'identity', 'solver': 'sgd', 'learning_rate_init': 0.01, 'max_iter': 2000}",0.6494140625,
"{'hidden_layer_sizes': (100,), 'activation': 'identity', 'solver': 'sgd', 'learning_rate_init': 0.1, 'max_iter': 500}",0.6395552749719416,
"{'hidden_layer_sizes': (100,), 'activation': 'identity', 'solver': 'sgd', 'learning_rate_init': 0.1, 'max_iter': 1000}",0.6395552749719416,
"{'hidden_layer_sizes': (100,), 'activation': 'identity', 'solver': 'sgd', 'learning_rate_init': 0.1, 'max_iter': 1500}",0.6395552749719416,
"{'hidden_layer_sizes': (100,), 'activation': 'identity', 'solver': 'sgd', 'learning_rate_init': 0.1, 'max_iter': 2000}",0.6395552749719416,
"{'hidden_layer_sizes': (100,), 'activation': 'identity', 'solver': 'adam', 'learning_rate_init': 0.0001, 'max_iter': 500}",0.6617992183001518,
"{'hidden_layer_sizes': (100,), 'activation': 'identity', 'solver': 'adam', 'learning_rate_init': 0.0001, 'max_iter': 1000}",0.6617992183001518,
"{'hidden_layer_sizes': (100,), 'activation': 'identity', 'solver': 'adam', 'learning_rate_init': 0.0001, 'max_iter': 1500}",0.6617992183001518,
"{'hidden_layer_sizes': (100,), 'activation': 'identity', 'solver': 'adam', 'learning_rate_init': 0.0001, 'max_iter': 2000}",0.6617992183001518,
"{'hidden_layer_sizes': (100,), 'activation': 'identity', 'solver': 'adam', 'learning_rate_init': 0.001, 'max_iter': 500}",0.649120050282841,
"{'hidden_layer_sizes': (100,), 'activation': 'identity', 'solver': 'adam', 'learning_rate_init': 0.001, 'max_iter': 1000}",0.649120050282841,
"{'hidden_layer_sizes': (100,), 'activation': 'identity', 'solver': 'adam', 'learning_rate_init': 0.001, 'max_iter': 1500}",0.649120050282841,
"{'hidden_layer_sizes': (100,), 'activation': 'identity', 'solver': 'adam', 'learning_rate_init': 0.001, 'max_iter': 2000}",0.649120050282841,
"{'hidden_layer_sizes': (100,), 'activation': 'identity', 'solver': 'adam', 'learning_rate_init': 0.01, 'max_iter': 500}",0.6404137529137529,
"{'hidden_layer_sizes': (100,), 'activation': 'identity', 'solver': 'adam', 'learning_rate_init': 0.01, 'max_iter': 1000}",0.6404137529137529,
"{'hidden_layer_sizes': (100,), 'activation': 'identity', 'solver': 'adam', 'learning_rate_init': 0.01, 'max_iter': 1500}",0.6404137529137529,
"{'hidden_layer_sizes': (100,), 'activation': 'identity', 'solver': 'adam', 'learning_rate_init': 0.01, 'max_iter': 2000}",0.6404137529137529,
"{'hidden_layer_sizes': (100,), 'activation': 'identity', 'solver': 'adam', 'learning_rate_init': 0.1, 'max_iter': 500}",0.6283966719594261,
"{'hidden_layer_sizes': (100,), 'activation': 'identity', 'solver': 'adam', 'learning_rate_init': 0.1, 'max_iter': 1000}",0.6283966719594261,
"{'hidden_layer_sizes': (100,), 'activation': 'identity', 'solver': 'adam', 'learning_rate_init': 0.1, 'max_iter': 1500}",0.6283966719594261,
"{'hidden_layer_sizes': (100,), 'activation': 'identity', 'solver': 'adam', 'learning_rate_init': 0.1, 'max_iter': 2000}",0.6283966719594261,
"{'hidden_layer_sizes': (100,), 'activation': 'logistic', 'solver': 'sgd', 'learning_rate_init': 0.0001, 'max_iter': 500}",0.6413170975309502,
"{'hidden_layer_sizes': (100,), 'activation': 'logistic', 'solver': 'sgd', 'learning_rate_init': 0.0001, 'max_iter': 1000}",0.6954357298474946,
"{'hidden_layer_sizes': (100,), 'activation': 'logistic', 'solver': 'sgd', 'learning_rate_init': 0.0001, 'max_iter': 1500}",0.6954357298474946,
"{'hidden_layer_sizes': (100,), 'activation': 'logistic', 'solver': 'sgd', 'learning_rate_init': 0.0001, 'max_iter': 2000}",0.6954357298474946,
"{'hidden_layer_sizes': (100,), 'activation': 'logistic', 'solver': 'sgd', 'learning_rate_init': 0.001, 'max_iter': 500}",0.695880926302613,
"{'hidden_layer_sizes': (100,), 'activation': 'logistic', 'solver': 'sgd', 'learning_rate_init': 0.001, 'max_iter': 1000}",0.6542207792207791,
"{'hidden_layer_sizes': (100,), 'activation': 'logistic', 'solver': 'sgd', 'learning_rate_init': 0.001, 'max_iter': 1500}",0.6458887498044125,
"{'hidden_layer_sizes': (100,), 'activation': 'logistic', 'solver': 'sgd', 'learning_rate_init': 0.001, 'max_iter': 2000}",0.633180172653857,
"{'hidden_layer_sizes': (100,), 'activation': 'logistic', 'solver': 'sgd', 'learning_rate_init': 0.01, 'max_iter': 500}",0.645097945129789,
"{'hidden_layer_sizes': (100,), 'activation': 'logistic', 'solver': 'sgd', 'learning_rate_init': 0.01, 'max_iter': 1000}",0.645097945129789,
"{'hidden_layer_sizes': (100,), 'activation': 'logistic', 'solver': 'sgd', 'learning_rate_init': 0.01, 'max_iter': 1500}",0.645097945129789,
"{'hidden_layer_sizes': (100,), 'activation': 'logistic', 'solver': 'sgd', 'learning_rate_init': 0.01, 'max_iter': 2000}",0.645097945129789,
"{'hidden_layer_sizes': (100,), 'activation': 'logistic', 'solver': 'sgd', 'learning_rate_init': 0.1, 'max_iter': 500}",0.6487762237762238,
"{'hidden_layer_sizes': (100,), 'activation': 'logistic', 'solver': 'sgd', 'learning_rate_init': 0.1, 'max_iter': 1000}",0.6487762237762238,
"{'hidden_layer_sizes': (100,), 'activation': 'logistic', 'solver': 'sgd', 'learning_rate_init': 0.1, 'max_iter': 1500}",0.6487762237762238,
"{'hidden_layer_sizes': (100,), 'activation': 'logistic', 'solver': 'sgd', 'learning_rate_init': 0.1, 'max_iter': 2000}",0.6487762237762238,
"{'hidden_layer_sizes': (100,), 'activation': 'logistic', 'solver': 'adam', 'learning_rate_init': 0.0001, 'max_iter': 500}",0.6584283463107156,
"{'hidden_layer_sizes': (100,), 'activation': 'logistic', 'solver': 'adam', 'learning_rate_init': 0.0001, 'max_iter': 1000}",0.6374306268376276,
"{'hidden_layer_sizes': (100,), 'activation': 'logistic', 'solver': 'adam', 'learning_rate_init': 0.0001, 'max_iter': 1500}",0.6290956987189524,
"{'hidden_layer_sizes': (100,), 'activation': 'logistic', 'solver': 'adam', 'learning_rate_init': 0.0001, 'max_iter': 2000}",0.6290956987189524,
"{'hidden_layer_sizes': (100,), 'activation': 'logistic', 'solver': 'adam', 'learning_rate_init': 0.001, 'max_iter': 500}",0.628681917211329,
"{'hidden_layer_sizes': (100,), 'activation': 'logistic', 'solver': 'adam', 'learning_rate_init': 0.001, 'max_iter': 1000}",0.628681917211329,
"{'hidden_layer_sizes': (100,), 'activation': 'logistic', 'solver': 'adam', 'learning_rate_init': 0.001, 'max_iter': 1500}",0.628681917211329,
"{'hidden_layer_sizes': (100,), 'activation': 'logistic', 'solver': 'adam', 'learning_rate_init': 0.001, 'max_iter': 2000}",0.628681917211329,
"{'hidden_layer_sizes': (100,), 'activation': 'logistic', 'solver': 'adam', 'learning_rate_init': 0.01, 'max_iter': 500}",0.6455928273348308,
"{'hidden_layer_sizes': (100,), 'activation': 'logistic', 'solver': 'adam', 'learning_rate_init': 0.01, 'max_iter': 1000}",0.6455928273348308,
"{'hidden_layer_sizes': (100,), 'activation': 'logistic', 'solver': 'adam', 'learning_rate_init': 0.01, 'max_iter': 1500}",0.6455928273348308,
"{'hidden_layer_sizes': (100,), 'activation': 'logistic', 'solver': 'adam', 'learning_rate_init': 0.01, 'max_iter': 2000}",0.6455928273348308,
"{'hidden_layer_sizes': (100,), 'activation': 'logistic', 'solver': 'adam', 'learning_rate_init': 0.1, 'max_iter': 500}",0.6539318196328348,
"{'hidden_layer_sizes': (100,), 'activation': 'logistic', 'solver': 'adam', 'learning_rate_init': 0.1, 'max_iter': 1000}",0.6539318196328348,
"{'hidden_layer_sizes': (100,), 'activation': 'logistic', 'solver': 'adam', 'learning_rate_init': 0.1, 'max_iter': 1500}",0.6539318196328348,
"{'hidden_layer_sizes': (100,), 'activation': 'logistic', 'solver': 'adam', 'learning_rate_init': 0.1, 'max_iter': 2000}",0.6539318196328348,
"{'hidden_layer_sizes': (100,), 'activation': 'tanh', 'solver': 'sgd', 'learning_rate_init': 0.0001, 'max_iter': 500}",0.6577613467261905,
"{'hidden_layer_sizes': (100,), 'activation': 'tanh', 'solver': 'sgd', 'learning_rate_init': 0.0001, 'max_iter': 1000}",0.6913658746196548,
"{'hidden_layer_sizes': (100,), 'activation': 'tanh', 'solver': 'sgd', 'learning_rate_init': 0.0001, 'max_iter': 1500}",0.6997073374677724,
"{'hidden_layer_sizes': (100,), 'activation': 'tanh', 'solver': 'sgd', 'learning_rate_init': 0.0001, 'max_iter': 2000}",0.7037799564270152,
"{'hidden_layer_sizes': (100,), 'activation': 'tanh', 'solver': 'sgd', 'learning_rate_init': 0.001, 'max_iter': 500}",0.6750903781979978,
"{'hidden_layer_sizes': (100,), 'activation': 'tanh', 'solver': 'sgd', 'learning_rate_init': 0.001, 'max_iter': 1000}",0.6626465479808945,
"{'hidden_layer_sizes': (100,), 'activation': 'tanh', 'solver': 'sgd', 'learning_rate_init': 0.001, 'max_iter': 1500}",0.6626465479808945,
"{'hidden_layer_sizes': (100,), 'activation': 'tanh', 'solver': 'sgd', 'learning_rate_init': 0.001, 'max_iter': 2000}",0.6626465479808945,
"{'hidden_layer_sizes': (100,), 'activation': 'tanh', 'solver': 'sgd', 'learning_rate_init': 0.01, 'max_iter': 500}",0.6668055941465222,
"{'hidden_layer_sizes': (100,), 'activation': 'tanh', 'solver': 'sgd', 'learning_rate_init': 0.01, 'max_iter': 1000}",0.6668055941465222,
"{'hidden_layer_sizes': (100,), 'activation': 'tanh', 'solver': 'sgd', 'learning_rate_init': 0.01, 'max_iter': 1500}",0.6668055941465222,
"{'hidden_layer_sizes': (100,), 'activation': 'tanh', 'solver': 'sgd', 'learning_rate_init': 0.01, 'max_iter': 2000}",0.6668055941465222,
"{'hidden_layer_sizes': (100,), 'activation': 'tanh', 'solver': 'sgd', 'learning_rate_init': 0.1, 'max_iter': 500}",0.6542928590873023,
"{'hidden_layer_sizes': (100,), 'activation': 'tanh', 'solver': 'sgd', 'learning_rate_init': 0.1, 'max_iter': 1000}",0.6542928590873023,
"{'hidden_layer_sizes': (100,), 'activation': 'tanh', 'solver': 'sgd', 'learning_rate_init': 0.1, 'max_iter': 1500}",0.6542928590873023,
"{'hidden_layer_sizes': (100,), 'activation': 'tanh', 'solver': 'sgd', 'learning_rate_init': 0.1, 'max_iter': 2000}",0.6542928590873023,
"{'hidden_layer_sizes': (100,), 'activation': 'tanh', 'solver': 'adam', 'learning_rate_init': 0.0001, 'max_iter': 500}",0.6500972289742343,
"{'hidden_layer_sizes': (100,), 'activation': 'tanh', 'solver': 'adam', 'learning_rate_init': 0.0001, 'max_iter': 1000}",0.6500972289742343,
"{'hidden_layer_sizes': (100,), 'activation': 'tanh', 'solver': 'adam', 'learning_rate_init': 0.0001, 'max_iter': 1500}",0.6500972289742343,
"{'hidden_layer_sizes': (100,), 'activation': 'tanh', 'solver': 'adam', 'learning_rate_init': 0.0001, 'max_iter': 2000}",0.6500972289742343,
"{'hidden_layer_sizes': (100,), 'activation': 'tanh', 'solver': 'adam', 'learning_rate_init': 0.001, 'max_iter': 500}",0.645987118251556,
"{'hidden_layer_sizes': (100,), 'activation': 'tanh', 'solver': 'adam', 'learning_rate_init': 0.001, 'max_iter': 1000}",0.645987118251556,
"{'hidden_layer_sizes': (100,), 'activation': 'tanh', 'solver': 'adam', 'learning_rate_init': 0.001, 'max_iter': 1500}",0.645987118251556,
"{'hidden_layer_sizes': (100,), 'activation': 'tanh', 'solver': 'adam', 'learning_rate_init': 0.001, 'max_iter': 2000}",0.645987118251556,
"{'hidden_layer_sizes': (100,), 'activation': 'tanh', 'solver': 'adam', 'learning_rate_init': 0.01, 'max_iter': 500}",0.6289148427388228,
"{'hidden_layer_sizes': (100,), 'activation': 'tanh', 'solver': 'adam', 'learning_rate_init': 0.01, 'max_iter': 1000}",0.6289148427388228,
"{'hidden_layer_sizes': (100,), 'activation': 'tanh', 'solver': 'adam', 'learning_rate_init': 0.01, 'max_iter': 1500}",0.6289148427388228,
"{'hidden_layer_sizes': (100,), 'activation': 'tanh', 'solver': 'adam', 'learning_rate_init': 0.01, 'max_iter': 2000}",0.6289148427388228,
"{'hidden_layer_sizes': (100,), 'activation': 'tanh', 'solver': 'adam', 'learning_rate_init': 0.1, 'max_iter': 500}",0.6334862066569383,
"{'hidden_layer_sizes': (100,), 'activation': 'tanh', 'solver': 'adam', 'learning_rate_init': 0.1, 'max_iter': 1000}",0.6334862066569383,
"{'hidden_layer_sizes': (100,), 'activation': 'tanh', 'solver': 'adam', 'learning_rate_init': 0.1, 'max_iter': 1500}",0.6334862066569383,
"{'hidden_layer_sizes': (100,), 'activation': 'tanh', 'solver': 'adam', 'learning_rate_init': 0.1, 'max_iter': 2000}",0.6334862066569383,
"{'hidden_layer_sizes': (100,), 'activation': 'relu', 'solver': 'sgd', 'learning_rate_init': 0.0001, 'max_iter': 500}",0.6534485817149703,
"{'hidden_layer_sizes': (100,), 'activation': 'relu', 'solver': 'sgd', 'learning_rate_init': 0.0001, 'max_iter': 1000}",0.6658286193169914,
"{'hidden_layer_sizes': (100,), 'activation': 'relu', 'solver': 'sgd', 'learning_rate_init': 0.0001, 'max_iter': 1500}",0.6911504836309523,
"{'hidden_layer_sizes': (100,), 'activation': 'relu', 'solver': 'sgd', 'learning_rate_init': 0.0001, 'max_iter': 2000}",0.6949246434540552,
"{'hidden_layer_sizes': (100,), 'activation': 'relu', 'solver': 'sgd', 'learning_rate_init': 0.001, 'max_iter': 500}",0.6913658746196548,
"{'hidden_layer_sizes': (100,), 'activation': 'relu', 'solver': 'sgd', 'learning_rate_init': 0.001, 'max_iter': 1000}",0.6913658746196548,
"{'hidden_layer_sizes': (100,), 'activation': 'relu', 'solver': 'sgd', 'learning_rate_init': 0.001, 'max_iter': 1500}",0.6913658746196548,
"{'hidden_layer_sizes': (100,), 'activation': 'relu', 'solver': 'sgd', 'learning_rate_init': 0.001, 'max_iter': 2000}",0.6913658746196548,
"{'hidden_layer_sizes': (100,), 'activation': 'relu', 'solver': 'sgd', 'learning_rate_init': 0.01, 'max_iter': 500}",0.6954357298474946,
"{'hidden_layer_sizes': (100,), 'activation': 'relu', 'solver': 'sgd', 'learning_rate_init': 0.01, 'max_iter': 1000}",0.6954357298474946,
"{'hidden_layer_sizes': (100,), 'activation': 'relu', 'solver': 'sgd', 'learning_rate_init': 0.01, 'max_iter': 1500}",0.6954357298474946,
"{'hidden_layer_sizes': (100,), 'activation': 'relu', 'solver': 'sgd', 'learning_rate_init': 0.01, 'max_iter': 2000}",0.6954357298474946,
"{'hidden_layer_sizes': (100,), 'activation': 'relu', 'solver': 'sgd', 'learning_rate_init': 0.1, 'max_iter': 500}",0.6868511280556961,
"{'hidden_layer_sizes': (100,), 'activation': 'relu', 'solver': 'sgd', 'learning_rate_init': 0.1, 'max_iter': 1000}",0.6868511280556961,
"{'hidden_layer_sizes': (100,), 'activation': 'relu', 'solver': 'sgd', 'learning_rate_init': 0.1, 'max_iter': 1500}",0.6868511280556961,
"{'hidden_layer_sizes': (100,), 'activation': 'relu', 'solver': 'sgd', 'learning_rate_init': 0.1, 'max_iter': 2000}",0.6868511280556961,
"{'hidden_layer_sizes': (100,), 'activation': 'relu', 'solver': 'adam', 'learning_rate_init': 0.0001, 'max_iter': 500}",0.6372538350368269,
"{'hidden_layer_sizes': (100,), 'activation': 'relu', 'solver': 'adam', 'learning_rate_init': 0.0001, 'max_iter': 1000}",0.6413170975309502,
"{'hidden_layer_sizes': (100,), 'activation': 'relu', 'solver': 'adam', 'learning_rate_init': 0.0001, 'max_iter': 1500}",0.6413170975309502,
"{'hidden_layer_sizes': (100,), 'activation': 'relu', 'solver': 'adam', 'learning_rate_init': 0.0001, 'max_iter': 2000}",0.6413170975309502,
"{'hidden_layer_sizes': (100,), 'activation': 'relu', 'solver': 'adam', 'learning_rate_init': 0.001, 'max_iter': 500}",0.666108630952381,
"{'hidden_layer_sizes': (100,), 'activation': 'relu', 'solver': 'adam', 'learning_rate_init': 0.001, 'max_iter': 1000}",0.666108630952381,
"{'hidden_layer_sizes': (100,), 'activation': 'relu', 'solver': 'adam', 'learning_rate_init': 0.001, 'max_iter': 1500}",0.666108630952381,
"{'hidden_layer_sizes': (100,), 'activation': 'relu', 'solver': 'adam', 'learning_rate_init': 0.001, 'max_iter': 2000}",0.666108630952381,
"{'hidden_layer_sizes': (100,), 'activation': 'relu', 'solver': 'adam', 'learning_rate_init': 0.01, 'max_iter': 500}",0.6666666666666666,
"{'hidden_layer_sizes': (100,), 'activation': 'relu', 'solver': 'adam', 'learning_rate_init': 0.01, 'max_iter': 1000}",0.6666666666666666,
"{'hidden_layer_sizes': (100,), 'activation': 'relu', 'solver': 'adam', 'learning_rate_init': 0.01, 'max_iter': 1500}",0.6666666666666666,
"{'hidden_layer_sizes': (100,), 'activation': 'relu', 'solver': 'adam', 'learning_rate_init': 0.01, 'max_iter': 2000}",0.6666666666666666,
"{'hidden_layer_sizes': (100,), 'activation': 'relu', 'solver': 'adam', 'learning_rate_init': 0.1, 'max_iter': 500}",0.6513754813525348,
"{'hidden_layer_sizes': (100,), 'activation': 'relu', 'solver': 'adam', 'learning_rate_init': 0.1, 'max_iter': 1000}",0.6513754813525348,
"{'hidden_layer_sizes': (100,), 'activation': 'relu', 'solver': 'adam', 'learning_rate_init': 0.1, 'max_iter': 1500}",0.6513754813525348,
"{'hidden_layer_sizes': (100,), 'activation': 'relu', 'solver': 'adam', 'learning_rate_init': 0.1, 'max_iter': 2000}",0.6513754813525348,
"{'hidden_layer_sizes': (100, 50), 'activation': 'identity', 'solver': 'sgd', 'learning_rate_init': 0.0001, 'max_iter': 500}",0.6667592656897469,
"{'hidden_layer_sizes': (100, 50), 'activation': 'identity', 'solver': 'sgd', 'learning_rate_init': 0.0001, 'max_iter': 1000}",0.6667592656897469,
"{'hidden_layer_sizes': (100, 50), 'activation': 'identity', 'solver': 'sgd', 'learning_rate_init': 0.0001, 'max_iter': 1500}",0.6667592656897469,
"{'hidden_layer_sizes': (100, 50), 'activation': 'identity', 'solver': 'sgd', 'learning_rate_init': 0.0001, 'max_iter': 2000}",0.6667592656897469,
"{'hidden_layer_sizes': (100, 50), 'activation': 'identity', 'solver': 'sgd', 'learning_rate_init': 0.001, 'max_iter': 500}",0.6701498548853332,
"{'hidden_layer_sizes': (100, 50), 'activation': 'identity', 'solver': 'sgd', 'learning_rate_init': 0.001, 'max_iter': 1000}",0.6701498548853332,
"{'hidden_layer_sizes': (100, 50), 'activation': 'identity', 'solver': 'sgd', 'learning_rate_init': 0.001, 'max_iter': 1500}",0.6701498548853332,
"{'hidden_layer_sizes': (100, 50), 'activation': 'identity', 'solver': 'sgd', 'learning_rate_init': 0.001, 'max_iter': 2000}",0.6701498548853332,
"{'hidden_layer_sizes': (100, 50), 'activation': 'identity', 'solver': 'sgd', 'learning_rate_init': 0.01, 'max_iter': 500}",0.6655011655011656,
"{'hidden_layer_sizes': (100, 50), 'activation': 'identity', 'solver': 'sgd', 'learning_rate_init': 0.01, 'max_iter': 1000}",0.6655011655011656,
"{'hidden_layer_sizes': (100, 50), 'activation': 'identity', 'solver': 'sgd', 'learning_rate_init': 0.01, 'max_iter': 1500}",0.6655011655011656,
"{'hidden_layer_sizes': (100, 50), 'activation': 'identity', 'solver': 'sgd', 'learning_rate_init': 0.01, 'max_iter': 2000}",0.6655011655011656,
"{'hidden_layer_sizes': (100, 50), 'activation': 'identity', 'solver': 'sgd', 'learning_rate_init': 0.1, 'max_iter': 500}",0.6614917276681982,
"{'hidden_layer_sizes': (100, 50), 'activation': 'identity', 'solver': 'sgd', 'learning_rate_init': 0.1, 'max_iter': 1000}",0.6614917276681982,
"{'hidden_layer_sizes': (100, 50), 'activation': 'identity', 'solver': 'sgd', 'learning_rate_init': 0.1, 'max_iter': 1500}",0.6614917276681982,
"{'hidden_layer_sizes': (100, 50), 'activation': 'identity', 'solver': 'sgd', 'learning_rate_init': 0.1, 'max_iter': 2000}",0.6614917276681982,
"{'hidden_layer_sizes': (100, 50), 'activation': 'identity', 'solver': 'adam', 'learning_rate_init': 0.0001, 'max_iter': 500}",0.6617992183001518,
"{'hidden_layer_sizes': (100, 50), 'activation': 'identity', 'solver': 'adam', 'learning_rate_init': 0.0001, 'max_iter': 1000}",0.6617992183001518,
"{'hidden_layer_sizes': (100, 50), 'activation': 'identity', 'solver': 'adam', 'learning_rate_init': 0.0001, 'max_iter': 1500}",0.6617992183001518,
"{'hidden_layer_sizes': (100, 50), 'activation': 'identity', 'solver': 'adam', 'learning_rate_init': 0.0001, 'max_iter': 2000}",0.6617992183001518,
"{'hidden_layer_sizes': (100, 50), 'activation': 'identity', 'solver': 'adam', 'learning_rate_init': 0.001, 'max_iter': 500}",0.6658286193169914,
"{'hidden_layer_sizes': (100, 50), 'activation': 'identity', 'solver': 'adam', 'learning_rate_init': 0.001, 'max_iter': 1000}",0.6658286193169914,
"{'hidden_layer_sizes': (100, 50), 'activation': 'identity', 'solver': 'adam', 'learning_rate_init': 0.001, 'max_iter': 1500}",0.6658286193169914,
"{'hidden_layer_sizes': (100, 50), 'activation': 'identity', 'solver': 'adam', 'learning_rate_init': 0.001, 'max_iter': 2000}",0.6658286193169914,
"{'hidden_layer_sizes': (100, 50), 'activation': 'identity', 'solver': 'adam', 'learning_rate_init': 0.01, 'max_iter': 500}",0.6534485817149703,
"{'hidden_layer_sizes': (100, 50), 'activation': 'identity', 'solver': 'adam', 'learning_rate_init': 0.01, 'max_iter': 1000}",0.6534485817149703,
"{'hidden_layer_sizes': (100, 50), 'activation': 'identity', 'solver': 'adam', 'learning_rate_init': 0.01, 'max_iter': 1500}",0.6534485817149703,
"{'hidden_layer_sizes': (100, 50), 'activation': 'identity', 'solver': 'adam', 'learning_rate_init': 0.01, 'max_iter': 2000}",0.6534485817149703,
"{'hidden_layer_sizes': (100, 50), 'activation': 'identity', 'solver': 'adam', 'learning_rate_init': 0.1, 'max_iter': 500}",0.6571386946386947,
"{'hidden_layer_sizes': (100, 50), 'activation': 'identity', 'solver': 'adam', 'learning_rate_init': 0.1, 'max_iter': 1000}",0.6571386946386947,
"{'hidden_layer_sizes': (100, 50), 'activation': 'identity', 'solver': 'adam', 'learning_rate_init': 0.1, 'max_iter': 1500}",0.6571386946386947,
"{'hidden_layer_sizes': (100, 50), 'activation': 'identity', 'solver': 'adam', 'learning_rate_init': 0.1, 'max_iter': 2000}",0.6571386946386947,
"{'hidden_layer_sizes': (100, 50), 'activation': 'logistic', 'solver': 'sgd', 'learning_rate_init': 0.0001, 'max_iter': 500}",0.3104460093896714,
"{'hidden_layer_sizes': (100, 50), 'activation': 'logistic', 'solver': 'sgd', 'learning_rate_init': 0.0001, 'max_iter': 1000}",0.3104460093896714,
"{'hidden_layer_sizes': (100, 50), 'activation': 'logistic', 'solver': 'sgd', 'learning_rate_init': 0.0001, 'max_iter': 1500}",0.3104460093896714,
"{'hidden_layer_sizes': (100, 50), 'activation': 'logistic', 'solver': 'sgd', 'learning_rate_init': 0.0001, 'max_iter': 2000}",0.3104460093896714,
"{'hidden_layer_sizes': (100, 50), 'activation': 'logistic', 'solver': 'sgd', 'learning_rate_init': 0.001, 'max_iter': 500}",0.4251851851851852,
"{'hidden_layer_sizes': (100, 50), 'activation': 'logistic', 'solver': 'sgd', 'learning_rate_init': 0.001, 'max_iter': 1000}",0.4251851851851852,
"{'hidden_layer_sizes': (100, 50), 'activation': 'logistic', 'solver': 'sgd', 'learning_rate_init': 0.001, 'max_iter': 1500}",0.4251851851851852,
"{'hidden_layer_sizes': (100, 50), 'activation': 'logistic', 'solver': 'sgd', 'learning_rate_init': 0.001, 'max_iter': 2000}",0.4251851851851852,
"{'hidden_layer_sizes': (100, 50), 'activation': 'logistic', 'solver': 'sgd', 'learning_rate_init': 0.01, 'max_iter': 500}",0.6289148427388228,
"{'hidden_layer_sizes': (100, 50), 'activation': 'logistic', 'solver': 'sgd', 'learning_rate_init': 0.01, 'max_iter': 1000}",0.6246341718347154,
"{'hidden_layer_sizes': (100, 50), 'activation': 'logistic', 'solver': 'sgd', 'learning_rate_init': 0.01, 'max_iter': 1500}",0.6246341718347154,
"{'hidden_layer_sizes': (100, 50), 'activation': 'logistic', 'solver': 'sgd', 'learning_rate_init': 0.01, 'max_iter': 2000}",0.6246341718347154,
"{'hidden_layer_sizes': (100, 50), 'activation': 'logistic', 'solver': 'sgd', 'learning_rate_init': 0.1, 'max_iter': 500}",0.6243722098214286,
"{'hidden_layer_sizes': (100, 50), 'activation': 'logistic', 'solver': 'sgd', 'learning_rate_init': 0.1, 'max_iter': 1000}",0.6243722098214286,
"{'hidden_layer_sizes': (100, 50), 'activation': 'logistic', 'solver': 'sgd', 'learning_rate_init': 0.1, 'max_iter': 1500}",0.6243722098214286,
"{'hidden_layer_sizes': (100, 50), 'activation': 'logistic', 'solver': 'sgd', 'learning_rate_init': 0.1, 'max_iter': 2000}",0.6243722098214286,
"{'hidden_layer_sizes': (100, 50), 'activation': 'logistic', 'solver': 'adam', 'learning_rate_init': 0.0001, 'max_iter': 500}",0.6329756346828328,
"{'hidden_layer_sizes': (100, 50), 'activation': 'logistic', 'solver': 'adam', 'learning_rate_init': 0.0001, 'max_iter': 1000}",0.63603500761035,
"{'hidden_layer_sizes': (100, 50), 'activation': 'logistic', 'solver': 'adam', 'learning_rate_init': 0.0001, 'max_iter': 1500}",0.63603500761035,
"{'hidden_layer_sizes': (100, 50), 'activation': 'logistic', 'solver': 'adam', 'learning_rate_init': 0.0001, 'max_iter': 2000}",0.63603500761035,
"{'hidden_layer_sizes': (100, 50), 'activation': 'logistic', 'solver': 'adam', 'learning_rate_init': 0.001, 'max_iter': 500}",0.6138652706532687,
"{'hidden_layer_sizes': (100, 50), 'activation': 'logistic', 'solver': 'adam', 'learning_rate_init': 0.001, 'max_iter': 1000}",0.6138652706532687,
"{'hidden_layer_sizes': (100, 50), 'activation': 'logistic', 'solver': 'adam', 'learning_rate_init': 0.001, 'max_iter': 1500}",0.6138652706532687,
"{'hidden_layer_sizes': (100, 50), 'activation': 'logistic', 'solver': 'adam', 'learning_rate_init': 0.001, 'max_iter': 2000}",0.6138652706532687,
"{'hidden_layer_sizes': (100, 50), 'activation': 'logistic', 'solver': 'adam', 'learning_rate_init': 0.01, 'max_iter': 500}",0.6029841250429485,
"{'hidden_layer_sizes': (100, 50), 'activation': 'logistic', 'solver': 'adam', 'learning_rate_init': 0.01, 'max_iter': 1000}",0.6029841250429485,
"{'hidden_layer_sizes': (100, 50), 'activation': 'logistic', 'solver': 'adam', 'learning_rate_init': 0.01, 'max_iter': 1500}",0.6029841250429485,
"{'hidden_layer_sizes': (100, 50), 'activation': 'logistic', 'solver': 'adam', 'learning_rate_init': 0.01, 'max_iter': 2000}",0.6029841250429485,
"{'hidden_layer_sizes': (100, 50), 'activation': 'logistic', 'solver': 'adam', 'learning_rate_init': 0.1, 'max_iter': 500}",0.6407657657657657,
"{'hidden_layer_sizes': (100, 50), 'activation': 'logistic', 'solver': 'adam', 'learning_rate_init': 0.1, 'max_iter': 1000}",0.6407657657657657,
"{'hidden_layer_sizes': (100, 50), 'activation': 'logistic', 'solver': 'adam', 'learning_rate_init': 0.1, 'max_iter': 1500}",0.6407657657657657,
"{'hidden_layer_sizes': (100, 50), 'activation': 'logistic', 'solver': 'adam', 'learning_rate_init': 0.1, 'max_iter': 2000}",0.6407657657657657,
"{'hidden_layer_sizes': (100, 50), 'activation': 'tanh', 'solver': 'sgd', 'learning_rate_init': 0.0001, 'max_iter': 500}",0.5520131874298541,
"{'hidden_layer_sizes': (100, 50), 'activation': 'tanh', 'solver': 'sgd', 'learning_rate_init': 0.0001, 'max_iter': 1000}",0.6320579710144928,
"{'hidden_layer_sizes': (100, 50), 'activation': 'tanh', 'solver': 'sgd', 'learning_rate_init': 0.0001, 'max_iter': 1500}",0.6333333333333333,
"{'hidden_layer_sizes': (100, 50), 'activation': 'tanh', 'solver': 'sgd', 'learning_rate_init': 0.0001, 'max_iter': 2000}",0.6583333333333333,
"{'hidden_layer_sizes': (100, 50), 'activation': 'tanh', 'solver': 'sgd', 'learning_rate_init': 0.001, 'max_iter': 500}",0.6625527352905431,
"{'hidden_layer_sizes': (100, 50), 'activation': 'tanh', 'solver': 'sgd', 'learning_rate_init': 0.001, 'max_iter': 1000}",0.6584757340001853,
"{'hidden_layer_sizes': (100, 50), 'activation': 'tanh', 'solver': 'sgd', 'learning_rate_init': 0.001, 'max_iter': 1500}",0.6584757340001853,
"{'hidden_layer_sizes': (100, 50), 'activation': 'tanh', 'solver': 'sgd', 'learning_rate_init': 0.001, 'max_iter': 2000}",0.6584757340001853,
"{'hidden_layer_sizes': (100, 50), 'activation': 'tanh', 'solver': 'sgd', 'learning_rate_init': 0.01, 'max_iter': 500}",0.6668055941465222,
"{'hidden_layer_sizes': (100, 50), 'activation': 'tanh', 'solver': 'sgd', 'learning_rate_init': 0.01, 'max_iter': 1000}",0.6668055941465222,
"{'hidden_layer_sizes': (100, 50), 'activation': 'tanh', 'solver': 'sgd', 'learning_rate_init': 0.01, 'max_iter': 1500}",0.6668055941465222,
"{'hidden_layer_sizes': (100, 50), 'activation': 'tanh', 'solver': 'sgd', 'learning_rate_init': 0.01, 'max_iter': 2000}",0.6668055941465222,
"{'hidden_layer_sizes': (100, 50), 'activation': 'tanh', 'solver': 'sgd', 'learning_rate_init': 0.1, 'max_iter': 500}",0.6584757834757835,
"{'hidden_layer_sizes': (100, 50), 'activation': 'tanh', 'solver': 'sgd', 'learning_rate_init': 0.1, 'max_iter': 1000}",0.6584757834757835,
"{'hidden_layer_sizes': (100, 50), 'activation': 'tanh', 'solver': 'sgd', 'learning_rate_init': 0.1, 'max_iter': 1500}",0.6584757834757835,
"{'hidden_layer_sizes': (100, 50), 'activation': 'tanh', 'solver': 'sgd', 'learning_rate_init': 0.1, 'max_iter': 2000}",0.6584757834757835,
"{'hidden_layer_sizes': (100, 50), 'activation': 'tanh', 'solver': 'adam', 'learning_rate_init': 0.0001, 'max_iter': 500}",0.6543168331162252,
"{'hidden_layer_sizes': (100, 50), 'activation': 'tanh', 'solver': 'adam', 'learning_rate_init': 0.0001, 'max_iter': 1000}",0.6543168331162252,
"{'hidden_layer_sizes': (100, 50), 'activation': 'tanh', 'solver': 'adam', 'learning_rate_init': 0.0001, 'max_iter': 1500}",0.6543168331162252,
"{'hidden_layer_sizes': (100, 50), 'activation': 'tanh', 'solver': 'adam', 'learning_rate_init': 0.0001, 'max_iter': 2000}",0.6543168331162252,
"{'hidden_layer_sizes': (100, 50), 'activation': 'tanh', 'solver': 'adam', 'learning_rate_init': 0.001, 'max_iter': 500}",0.6709762628455638,
"{'hidden_layer_sizes': (100, 50), 'activation': 'tanh', 'solver': 'adam', 'learning_rate_init': 0.001, 'max_iter': 1000}",0.6709762628455638,
"{'hidden_layer_sizes': (100, 50), 'activation': 'tanh', 'solver': 'adam', 'learning_rate_init': 0.001, 'max_iter': 1500}",0.6709762628455638,
"{'hidden_layer_sizes': (100, 50), 'activation': 'tanh', 'solver': 'adam', 'learning_rate_init': 0.001, 'max_iter': 2000}",0.6709762628455638,
"{'hidden_layer_sizes': (100, 50), 'activation': 'tanh', 'solver': 'adam', 'learning_rate_init': 0.01, 'max_iter': 500}",0.6290956987189524,
"{'hidden_layer_sizes': (100, 50), 'activation': 'tanh', 'solver': 'adam', 'learning_rate_init': 0.01, 'max_iter': 1000}",0.6290956987189524,
"{'hidden_layer_sizes': (100, 50), 'activation': 'tanh', 'solver': 'adam', 'learning_rate_init': 0.01, 'max_iter': 1500}",0.6290956987189524,
"{'hidden_layer_sizes': (100, 50), 'activation': 'tanh', 'solver': 'adam', 'learning_rate_init': 0.01, 'max_iter': 2000}",0.6290956987189524,
"{'hidden_layer_sizes': (100, 50), 'activation': 'tanh', 'solver': 'adam', 'learning_rate_init': 0.1, 'max_iter': 500}",0.6126682587928788,
"{'hidden_layer_sizes': (100, 50), 'activation': 'tanh', 'solver': 'adam', 'learning_rate_init': 0.1, 'max_iter': 1000}",0.6126682587928788,
"{'hidden_layer_sizes': (100, 50), 'activation': 'tanh', 'solver': 'adam', 'learning_rate_init': 0.1, 'max_iter': 1500}",0.6126682587928788,
"{'hidden_layer_sizes': (100, 50), 'activation': 'tanh', 'solver': 'adam', 'learning_rate_init': 0.1, 'max_iter': 2000}",0.6126682587928788,
"{'hidden_layer_sizes': (100, 50), 'activation': 'relu', 'solver': 'sgd', 'learning_rate_init': 0.0001, 'max_iter': 500}",0.6001667129758267,
"{'hidden_layer_sizes': (100, 50), 'activation': 'relu', 'solver': 'sgd', 'learning_rate_init': 0.0001, 'max_iter': 1000}",0.6084422506488691,
"{'hidden_layer_sizes': (100, 50), 'activation': 'relu', 'solver': 'sgd', 'learning_rate_init': 0.0001, 'max_iter': 1500}",0.6122368581428148,
"{'hidden_layer_sizes': (100, 50), 'activation': 'relu', 'solver': 'sgd', 'learning_rate_init': 0.0001, 'max_iter': 2000}",0.6122368581428148,
"{'hidden_layer_sizes': (100, 50), 'activation': 'relu', 'solver': 'sgd', 'learning_rate_init': 0.001, 'max_iter': 500}",0.6207607706002772,
"{'hidden_layer_sizes': (100, 50), 'activation': 'relu', 'solver': 'sgd', 'learning_rate_init': 0.001, 'max_iter': 1000}",0.6207607706002772,
"{'hidden_layer_sizes': (100, 50), 'activation': 'relu', 'solver': 'sgd', 'learning_rate_init': 0.001, 'max_iter': 1500}",0.6207607706002772,
"{'hidden_layer_sizes': (100, 50), 'activation': 'relu', 'solver': 'sgd', 'learning_rate_init': 0.001, 'max_iter': 2000}",0.6207607706002772,
"{'hidden_layer_sizes': (100, 50), 'activation': 'relu', 'solver': 'sgd', 'learning_rate_init': 0.01, 'max_iter': 500}",0.6413170975309502,
"{'hidden_layer_sizes': (100, 50), 'activation': 'relu', 'solver': 'sgd', 'learning_rate_init': 0.01, 'max_iter': 1000}",0.6413170975309502,
"{'hidden_layer_sizes': (100, 50), 'activation': 'relu', 'solver': 'sgd', 'learning_rate_init': 0.01, 'max_iter': 1500}",0.6413170975309502,
"{'hidden_layer_sizes': (100, 50), 'activation': 'relu', 'solver': 'sgd', 'learning_rate_init': 0.01, 'max_iter': 2000}",0.6413170975309502,
"{'hidden_layer_sizes': (100, 50), 'activation': 'relu', 'solver': 'sgd', 'learning_rate_init': 0.1, 'max_iter': 500}",0.6624354111936533,
"{'hidden_layer_sizes': (100, 50), 'activation': 'relu', 'solver': 'sgd', 'learning_rate_init': 0.1, 'max_iter': 1000}",0.6624354111936533,
"{'hidden_layer_sizes': (100, 50), 'activation': 'relu', 'solver': 'sgd', 'learning_rate_init': 0.1, 'max_iter': 1500}",0.6624354111936533,
"{'hidden_layer_sizes': (100, 50), 'activation': 'relu', 'solver': 'sgd', 'learning_rate_init': 0.1, 'max_iter': 2000}",0.6624354111936533,
"{'hidden_layer_sizes': (100, 50), 'activation': 'relu', 'solver': 'adam', 'learning_rate_init': 0.0001, 'max_iter': 500}",0.6205758504408188,
"{'hidden_layer_sizes': (100, 50), 'activation': 'relu', 'solver': 'adam', 'learning_rate_init': 0.0001, 'max_iter': 1000}",0.6205758504408188,
"{'hidden_layer_sizes': (100, 50), 'activation': 'relu', 'solver': 'adam', 'learning_rate_init': 0.0001, 'max_iter': 1500}",0.6205758504408188,
"{'hidden_layer_sizes': (100, 50), 'activation': 'relu', 'solver': 'adam', 'learning_rate_init': 0.0001, 'max_iter': 2000}",0.6205758504408188,
"{'hidden_layer_sizes': (100, 50), 'activation': 'relu', 'solver': 'adam', 'learning_rate_init': 0.001, 'max_iter': 500}",0.6329756346828328,
"{'hidden_layer_sizes': (100, 50), 'activation': 'relu', 'solver': 'adam', 'learning_rate_init': 0.001, 'max_iter': 1000}",0.6329756346828328,
"{'hidden_layer_sizes': (100, 50), 'activation': 'relu', 'solver': 'adam', 'learning_rate_init': 0.001, 'max_iter': 1500}",0.6329756346828328,
"{'hidden_layer_sizes': (100, 50), 'activation': 'relu', 'solver': 'adam', 'learning_rate_init': 0.001, 'max_iter': 2000}",0.6329756346828328,
"{'hidden_layer_sizes': (100, 50), 'activation': 'relu', 'solver': 'adam', 'learning_rate_init': 0.01, 'max_iter': 500}",0.6622708119308387,
"{'hidden_layer_sizes': (100, 50), 'activation': 'relu', 'solver': 'adam', 'learning_rate_init': 0.01, 'max_iter': 1000}",0.6622708119308387,
"{'hidden_layer_sizes': (100, 50), 'activation': 'relu', 'solver': 'adam', 'learning_rate_init': 0.01, 'max_iter': 1500}",0.6622708119308387,
"{'hidden_layer_sizes': (100, 50), 'activation': 'relu', 'solver': 'adam', 'learning_rate_init': 0.01, 'max_iter': 2000}",0.6622708119308387,
"{'hidden_layer_sizes': (100, 50), 'activation': 'relu', 'solver': 'adam', 'learning_rate_init': 0.1, 'max_iter': 500}",0.5909856854978807,
"{'hidden_layer_sizes': (100, 50), 'activation': 'relu', 'solver': 'adam', 'learning_rate_init': 0.1, 'max_iter': 1000}",0.5909856854978807,
"{'hidden_layer_sizes': (100, 50), 'activation': 'relu', 'solver': 'adam', 'learning_rate_init': 0.1, 'max_iter': 1500}",0.5909856854978807,
"{'hidden_layer_sizes': (100, 50), 'activation': 'relu', 'solver': 'adam', 'learning_rate_init': 0.1, 'max_iter': 2000}",0.5909856854978807,
"{'hidden_layer_sizes': (100, 100, 50), 'activation': 'identity', 'solver': 'sgd', 'learning_rate_init': 0.0001, 'max_iter': 500}",0.6487762237762238,
"{'hidden_layer_sizes': (100, 100, 50), 'activation': 'identity', 'solver': 'sgd', 'learning_rate_init': 0.0001, 'max_iter': 1000}",0.6447752697752698,
"{'hidden_layer_sizes': (100, 100, 50), 'activation': 'identity', 'solver': 'sgd', 'learning_rate_init': 0.0001, 'max_iter': 1500}",0.6447752697752698,
"{'hidden_layer_sizes': (100, 100, 50), 'activation': 'identity', 'solver': 'sgd', 'learning_rate_init': 0.0001, 'max_iter': 2000}",0.6447752697752698,
"{'hidden_layer_sizes': (100, 100, 50), 'activation': 'identity', 'solver': 'sgd', 'learning_rate_init': 0.001, 'max_iter': 500}",0.6614917276681982,
"{'hidden_layer_sizes': (100, 100, 50), 'activation': 'identity', 'solver': 'sgd', 'learning_rate_init': 0.001, 'max_iter': 1000}",0.6614917276681982,
"{'hidden_layer_sizes': (100, 100, 50), 'activation': 'identity', 'solver': 'sgd', 'learning_rate_init': 0.001, 'max_iter': 1500}",0.6614917276681982,
"{'hidden_layer_sizes': (100, 100, 50), 'activation': 'identity', 'solver': 'sgd', 'learning_rate_init': 0.001, 'max_iter': 2000}",0.6614917276681982,
"{'hidden_layer_sizes': (100, 100, 50), 'activation': 'identity', 'solver': 'sgd', 'learning_rate_init': 0.01, 'max_iter': 500}",0.6620588235294118,
"{'hidden_layer_sizes': (100, 100, 50), 'activation': 'identity', 'solver': 'sgd', 'learning_rate_init': 0.01, 'max_iter': 1000}",0.6620588235294118,
"{'hidden_layer_sizes': (100, 100, 50), 'activation': 'identity', 'solver': 'sgd', 'learning_rate_init': 0.01, 'max_iter': 1500}",0.6620588235294118,
"{'hidden_layer_sizes': (100, 100, 50), 'activation': 'identity', 'solver': 'sgd', 'learning_rate_init': 0.01, 'max_iter': 2000}",0.6620588235294118,
"{'hidden_layer_sizes': (100, 100, 50), 'activation': 'identity', 'solver': 'sgd', 'learning_rate_init': 0.1, 'max_iter': 500}",,Solver produced non-finite parameter weights. The input data may contain large values and need to be preprocessed.
"{'hidden_layer_sizes': (100, 100, 50), 'activation': 'identity', 'solver': 'sgd', 'learning_rate_init': 0.1, 'max_iter': 1000}",,Solver produced non-finite parameter weights. The input data may contain large values and need to be preprocessed.
"{'hidden_layer_sizes': (100, 100, 50), 'activation': 'identity', 'solver': 'sgd', 'learning_rate_init': 0.1, 'max_iter': 1500}",,Solver produced non-finite parameter weights. The input data may contain large values and need to be preprocessed.
"{'hidden_layer_sizes': (100, 100, 50), 'activation': 'identity', 'solver': 'sgd', 'learning_rate_init': 0.1, 'max_iter': 2000}",,Solver produced non-finite parameter weights. The input data may contain large values and need to be preprocessed.
"{'hidden_layer_sizes': (100, 100, 50), 'activation': 'identity', 'solver': 'adam', 'learning_rate_init': 0.0001, 'max_iter': 500}",0.649120050282841,
"{'hidden_layer_sizes': (100, 100, 50), 'activation': 'identity', 'solver': 'adam', 'learning_rate_init': 0.0001, 'max_iter': 1000}",0.649120050282841,
"{'hidden_layer_sizes': (100, 100, 50), 'activation': 'identity', 'solver': 'adam', 'learning_rate_init': 0.0001, 'max_iter': 1500}",0.649120050282841,
"{'hidden_layer_sizes': (100, 100, 50), 'activation': 'identity', 'solver': 'adam', 'learning_rate_init': 0.0001, 'max_iter': 2000}",0.649120050282841,
"{'hidden_layer_sizes': (100, 100, 50), 'activation': 'identity', 'solver': 'adam', 'learning_rate_init': 0.001, 'max_iter': 500}",0.6496585603790678,
"{'hidden_layer_sizes': (100, 100, 50), 'activation': 'identity', 'solver': 'adam', 'learning_rate_init': 0.001, 'max_iter': 1000}",0.6496585603790678,
"{'hidden_layer_sizes': (100, 100, 50), 'activation': 'identity', 'solver': 'adam', 'learning_rate_init': 0.001, 'max_iter': 1500}",0.6496585603790678,
"{'hidden_layer_sizes': (100, 100, 50), 'activation': 'identity', 'solver': 'adam', 'learning_rate_init': 0.001, 'max_iter': 2000}",0.6496585603790678,
"{'hidden_layer_sizes': (100, 100, 50), 'activation': 'identity', 'solver': 'adam', 'learning_rate_init': 0.01, 'max_iter': 500}",0.6329756346828328,
"{'hidden_layer_sizes': (100, 100, 50), 'activation': 'identity', 'solver': 'adam', 'learning_rate_init': 0.01, 'max_iter': 1000}",0.6329756346828328,
"{'hidden_layer_sizes': (100, 100, 50), 'activation': 'identity', 'solver': 'adam', 'learning_rate_init': 0.01, 'max_iter': 1500}",0.6329756346828328,
"{'hidden_layer_sizes': (100, 100, 50), 'activation': 'identity', 'solver': 'adam', 'learning_rate_init': 0.01, 'max_iter': 2000}",0.6329756346828328,
"{'hidden_layer_sizes': (100, 100, 50), 'activation': 'identity', 'solver': 'adam', 'learning_rate_init': 0.1, 'max_iter': 500}",0.6276679962910479,
"{'hidden_layer_sizes': (100, 100, 50), 'activation': 'identity', 'solver': 'adam', 'learning_rate_init': 0.1, 'max_iter': 1000}",0.6276679962910479,
"{'hidden_layer_sizes': (100, 100, 50), 'activation': 'identity', 'solver': 'adam', 'learning_rate_init': 0.1, 'max_iter': 1500}",0.6276679962910479,
"{'hidden_layer_sizes': (100, 100, 50), 'activation': 'identity', 'solver': 'adam', 'learning_rate_init': 0.1, 'max_iter': 2000}",0.6276679962910479,
"{'hidden_layer_sizes': (100, 100, 50), 'activation': 'logistic', 'solver': 'sgd', 'learning_rate_init': 0.0001, 'max_iter': 500}",0.3567351598173516,
"{'hidden_layer_sizes': (100, 100, 50), 'activation': 'logistic', 'solver': 'sgd', 'learning_rate_init': 0.0001, 'max_iter': 1000}",0.3567351598173516,
"{'hidden_layer_sizes': (100, 100, 50), 'activation': 'logistic', 'solver': 'sgd', 'learning_rate_init': 0.0001, 'max_iter': 1500}",0.3567351598173516,
"{'hidden_layer_sizes': (100, 100, 50), 'activation': 'logistic', 'solver': 'sgd', 'learning_rate_init': 0.0001, 'max_iter': 2000}",0.3567351598173516,
"{'hidden_layer_sizes': (100, 100, 50), 'activation': 'logistic', 'solver': 'sgd', 'learning_rate_init': 0.001, 'max_iter': 500}",0.3104460093896714,
"{'hidden_layer_sizes': (100, 100, 50), 'activation': 'logistic', 'solver': 'sgd', 'learning_rate_init': 0.001, 'max_iter': 1000}",0.3104460093896714,
"{'hidden_layer_sizes': (100, 100, 50), 'activation': 'logistic', 'solver': 'sgd', 'learning_rate_init': 0.001, 'max_iter': 1500}",0.3104460093896714,
"{'hidden_layer_sizes': (100, 100, 50), 'activation': 'logistic', 'solver': 'sgd', 'learning_rate_init': 0.001, 'max_iter': 2000}",0.3104460093896714,
"{'hidden_layer_sizes': (100, 100, 50), 'activation': 'logistic', 'solver': 'sgd', 'learning_rate_init': 0.01, 'max_iter': 500}",0.3104460093896714,
"{'hidden_layer_sizes': (100, 100, 50), 'activation': 'logistic', 'solver': 'sgd', 'learning_rate_init': 0.01, 'max_iter': 1000}",0.3104460093896714,
"{'hidden_layer_sizes': (100, 100, 50), 'activation': 'logistic', 'solver': 'sgd', 'learning_rate_init': 0.01, 'max_iter': 1500}",0.3104460093896714,
"{'hidden_layer_sizes': (100, 100, 50), 'activation': 'logistic', 'solver': 'sgd', 'learning_rate_init': 0.01, 'max_iter': 2000}",0.3104460093896714,
"{'hidden_layer_sizes': (100, 100, 50), 'activation': 'logistic', 'solver': 'sgd', 'learning_rate_init': 0.1, 'max_iter': 500}",0.3104460093896714,
"{'hidden_layer_sizes': (100, 100, 50), 'activation': 'logistic', 'solver': 'sgd', 'learning_rate_init': 0.1, 'max_iter': 1000}",0.3104460093896714,
"{'hidden_layer_sizes': (100, 100, 50), 'activation': 'logistic', 'solver': 'sgd', 'learning_rate_init': 0.1, 'max_iter': 1500}",0.3104460093896714,
"{'hidden_layer_sizes': (100, 100, 50), 'activation': 'logistic', 'solver': 'sgd', 'learning_rate_init': 0.1, 'max_iter': 2000}",0.3104460093896714,
"{'hidden_layer_sizes': (100, 100, 50), 'activation': 'logistic', 'solver': 'adam', 'learning_rate_init': 0.0001, 'max_iter': 500}",0.6453703703703704,
"{'hidden_layer_sizes': (100, 100, 50), 'activation': 'logistic', 'solver': 'adam', 'learning_rate_init': 0.0001, 'max_iter': 1000}",0.6370261437908497,
"{'hidden_layer_sizes': (100, 100, 50), 'activation': 'logistic', 'solver': 'adam', 'learning_rate_init': 0.0001, 'max_iter': 1500}",0.6370261437908497,
"{'hidden_layer_sizes': (100, 100, 50), 'activation': 'logistic', 'solver': 'adam', 'learning_rate_init': 0.0001, 'max_iter': 2000}",0.6370261437908497,
"{'hidden_layer_sizes': (100, 100, 50), 'activation': 'logistic', 'solver': 'adam', 'learning_rate_init': 0.001, 'max_iter': 500}",0.6208926615553122,
"{'hidden_layer_sizes': (100, 100, 50), 'activation': 'logistic', 'solver': 'adam', 'learning_rate_init': 0.001, 'max_iter': 1000}",0.6208926615553122,
"{'hidden_layer_sizes': (100, 100, 50), 'activation': 'logistic', 'solver': 'adam', 'learning_rate_init': 0.001, 'max_iter': 1500}",0.6208926615553122,
"{'hidden_layer_sizes': (100, 100, 50), 'activation': 'logistic', 'solver': 'adam', 'learning_rate_init': 0.001, 'max_iter': 2000}",0.6208926615553122,
"{'hidden_layer_sizes': (100, 100, 50), 'activation': 'logistic', 'solver': 'adam', 'learning_rate_init': 0.01, 'max_iter': 500}",0.6541004830749781,
"{'hidden_layer_sizes': (100, 100, 50), 'activation': 'logistic', 'solver': 'adam', 'learning_rate_init': 0.01, 'max_iter': 1000}",0.6541004830749781,
"{'hidden_layer_sizes': (100, 100, 50), 'activation': 'logistic', 'solver': 'adam', 'learning_rate_init': 0.01, 'max_iter': 1500}",0.6541004830749781,
"{'hidden_layer_sizes': (100, 100, 50), 'activation': 'logistic', 'solver': 'adam', 'learning_rate_init': 0.01, 'max_iter': 2000}",0.6541004830749781,
"{'hidden_layer_sizes': (100, 100, 50), 'activation': 'logistic', 'solver': 'adam', 'learning_rate_init': 0.1, 'max_iter': 500}",0.6542928590873023,
"{'hidden_layer_sizes': (100, 100, 50), 'activation': 'logistic', 'solver': 'adam', 'learning_rate_init': 0.1, 'max_iter': 1000}",0.6542928590873023,
"{'hidden_layer_sizes': (100, 100, 50), 'activation': 'logistic', 'solver': 'adam', 'learning_rate_init': 0.1, 'max_iter': 1500}",0.6542928590873023,
"{'hidden_layer_sizes': (100, 100, 50), 'activation': 'logistic', 'solver': 'adam', 'learning_rate_init': 0.1, 'max_iter': 2000}",0.6542928590873023,
"{'hidden_layer_sizes': (100, 100, 50), 'activation': 'tanh', 'solver': 'sgd', 'learning_rate_init': 0.0001, 'max_iter': 500}",0.6789487965268467,
"{'hidden_layer_sizes': (100, 100, 50), 'activation': 'tanh', 'solver': 'sgd', 'learning_rate_init': 0.0001, 'max_iter': 1000}",0.6992457573852922,
"{'hidden_layer_sizes': (100, 100, 50), 'activation': 'tanh', 'solver': 'sgd', 'learning_rate_init': 0.0001, 'max_iter': 1500}",0.720253674396422,
"{'hidden_layer_sizes': (100, 100, 50), 'activation': 'tanh', 'solver': 'sgd', 'learning_rate_init': 0.0001, 'max_iter': 2000}",0.6957751236683543,
"{'hidden_layer_sizes': (100, 100, 50), 'activation': 'tanh', 'solver': 'sgd', 'learning_rate_init': 0.001, 'max_iter': 500}",0.6709534441915287,
"{'hidden_layer_sizes': (100, 100, 50), 'activation': 'tanh', 'solver': 'sgd', 'learning_rate_init': 0.001, 'max_iter': 1000}",0.6709534441915287,
"{'hidden_layer_sizes': (100, 100, 50), 'activation': 'tanh', 'solver': 'sgd', 'learning_rate_init': 0.001, 'max_iter': 1500}",0.6709534441915287,
"{'hidden_layer_sizes': (100, 100, 50), 'activation': 'tanh', 'solver': 'sgd', 'learning_rate_init': 0.001, 'max_iter': 2000}",0.6709534441915287,
"{'hidden_layer_sizes': (100, 100, 50), 'activation': 'tanh', 'solver': 'sgd', 'learning_rate_init': 0.01, 'max_iter': 500}",0.6668056424153985,
"{'hidden_layer_sizes': (100, 100, 50), 'activation': 'tanh', 'solver': 'sgd', 'learning_rate_init': 0.01, 'max_iter': 1000}",0.6668056424153985,
"{'hidden_layer_sizes': (100, 100, 50), 'activation': 'tanh', 'solver': 'sgd', 'learning_rate_init': 0.01, 'max_iter': 1500}",0.6668056424153985,
"{'hidden_layer_sizes': (100, 100, 50), 'activation': 'tanh', 'solver': 'sgd', 'learning_rate_init': 0.01, 'max_iter': 2000}",0.6668056424153985,
"{'hidden_layer_sizes': (100, 100, 50), 'activation': 'tanh', 'solver': 'sgd', 'learning_rate_init': 0.1, 'max_iter': 500}",0.6418160655965534,
"{'hidden_layer_sizes': (100, 100, 50), 'activation': 'tanh', 'solver': 'sgd', 'learning_rate_init': 0.1, 'max_iter': 1000}",0.6418160655965534,
"{'hidden_layer_sizes': (100, 100, 50), 'activation': 'tanh', 'solver': 'sgd', 'learning_rate_init': 0.1, 'max_iter': 1500}",0.6418160655965534,
"{'hidden_layer_sizes': (100, 100, 50), 'activation': 'tanh', 'solver': 'sgd', 'learning_rate_init': 0.1, 'max_iter': 2000}",0.6418160655965534,
"{'hidden_layer_sizes': (100, 100, 50), 'activation': 'tanh', 'solver': 'adam', 'learning_rate_init': 0.0001, 'max_iter': 500}",0.69175241008528,
"{'hidden_layer_sizes': (100, 100, 50), 'activation': 'tanh', 'solver': 'adam', 'learning_rate_init': 0.0001, 'max_iter': 1000}",0.69175241008528,
"{'hidden_layer_sizes': (100, 100, 50), 'activation': 'tanh', 'solver': 'adam', 'learning_rate_init': 0.0001, 'max_iter': 1500}",0.69175241008528,
"{'hidden_layer_sizes': (100, 100, 50), 'activation': 'tanh', 'solver': 'adam', 'learning_rate_init': 0.0001, 'max_iter': 2000}",0.69175241008528,
"{'hidden_layer_sizes': (100, 100, 50), 'activation': 'tanh', 'solver': 'adam', 'learning_rate_init': 0.001, 'max_iter': 500}",0.6793059777102329,
"{'hidden_layer_sizes': (100, 100, 50), 'activation': 'tanh', 'solver': 'adam', 'learning_rate_init': 0.001, 'max_iter': 1000}",0.6793059777102329,
"{'hidden_layer_sizes': (100, 100, 50), 'activation': 'tanh', 'solver': 'adam', 'learning_rate_init': 0.001, 'max_iter': 1500}",0.6793059777102329,
"{'hidden_layer_sizes': (100, 100, 50), 'activation': 'tanh', 'solver': 'adam', 'learning_rate_init': 0.001, 'max_iter': 2000}",0.6793059777102329,
"{'hidden_layer_sizes': (100, 100, 50), 'activation': 'tanh', 'solver': 'adam', 'learning_rate_init': 0.01, 'max_iter': 500}",0.6208926615553122,
"{'hidden_layer_sizes': (100, 100, 50), 'activation': 'tanh', 'solver': 'adam', 'learning_rate_init': 0.01, 'max_iter': 1000}",0.6208926615553122,
"{'hidden_layer_sizes': (100, 100, 50), 'activation': 'tanh', 'solver': 'adam', 'learning_rate_init': 0.01, 'max_iter': 1500}",0.6208926615553122,
"{'hidden_layer_sizes': (100, 100, 50), 'activation': 'tanh', 'solver': 'adam', 'learning_rate_init': 0.01, 'max_iter': 2000}",0.6208926615553122,
"{'hidden_layer_sizes': (100, 100, 50), 'activation': 'tanh', 'solver': 'adam', 'learning_rate_init': 0.1, 'max_iter': 500}",0.6458887498044125,
"{'hidden_layer_sizes': (100, 100, 50), 'activation': 'tanh', 'solver': 'adam', 'learning_rate_init': 0.1, 'max_iter': 1000}",0.6458887498044125,
"{'hidden_layer_sizes': (100, 100, 50), 'activation': 'tanh', 'solver': 'adam', 'learning_rate_init': 0.1, 'max_iter': 1500}",0.6458887498044125,
"{'hidden_layer_sizes': (100, 100, 50), 'activation': 'tanh', 'solver': 'adam', 'learning_rate_init': 0.1, 'max_iter': 2000}",0.6458887498044125,
"{'hidden_layer_sizes': (100, 100, 50), 'activation': 'relu', 'solver': 'sgd', 'learning_rate_init': 0.0001, 'max_iter': 500}",0.6501459245361685,
"{'hidden_layer_sizes': (100, 100, 50), 'activation': 'relu', 'solver': 'sgd', 'learning_rate_init': 0.0001, 'max_iter': 1000}",0.6543168331162252,
"{'hidden_layer_sizes': (100, 100, 50), 'activation': 'relu', 'solver': 'sgd', 'learning_rate_init': 0.0001, 'max_iter': 1500}",0.6626231516394154,
"{'hidden_layer_sizes': (100, 100, 50), 'activation': 'relu', 'solver': 'sgd', 'learning_rate_init': 0.0001, 'max_iter': 2000}",0.6709534441915287,
"{'hidden_layer_sizes': (100, 100, 50), 'activation': 'relu', 'solver': 'sgd', 'learning_rate_init': 0.001, 'max_iter': 500}",0.6539318196328348,
"{'hidden_layer_sizes': (100, 100, 50), 'activation': 'relu', 'solver': 'sgd', 'learning_rate_init': 0.001, 'max_iter': 1000}",0.6539318196328348,
"{'hidden_layer_sizes': (100, 100, 50), 'activation': 'relu', 'solver': 'sgd', 'learning_rate_init': 0.001, 'max_iter': 1500}",0.6539318196328348,
"{'hidden_layer_sizes': (100, 100, 50), 'activation': 'relu', 'solver': 'sgd', 'learning_rate_init': 0.001, 'max_iter': 2000}",0.6539318196328348,
"{'hidden_layer_sizes': (100, 100, 50), 'activation': 'relu', 'solver': 'sgd', 'learning_rate_init': 0.01, 'max_iter': 500}",0.6498538011695907,
"{'hidden_layer_sizes': (100, 100, 50), 'activation': 'relu', 'solver': 'sgd', 'learning_rate_init': 0.01, 'max_iter': 1000}",0.6498538011695907,
"{'hidden_layer_sizes': (100, 100, 50), 'activation': 'relu', 'solver': 'sgd', 'learning_rate_init': 0.01, 'max_iter': 1500}",0.6498538011695907,
"{'hidden_layer_sizes': (100, 100, 50), 'activation': 'relu', 'solver': 'sgd', 'learning_rate_init': 0.01, 'max_iter': 2000}",0.6498538011695907,
"{'hidden_layer_sizes': (100, 100, 50), 'activation': 'relu', 'solver': 'sgd', 'learning_rate_init': 0.1, 'max_iter': 500}",0.6539318196328348,
"{'hidden_layer_sizes': (100, 100, 50), 'activation': 'relu', 'solver': 'sgd', 'learning_rate_init': 0.1, 'max_iter': 1000}",0.6539318196328348,
"{'hidden_layer_sizes': (100, 100, 50), 'activation': 'relu', 'solver': 'sgd', 'learning_rate_init': 0.1, 'max_iter': 1500}",0.6539318196328348,
"{'hidden_layer_sizes': (100, 100, 50), 'activation': 'relu', 'solver': 'sgd', 'learning_rate_init': 0.1, 'max_iter': 2000}",0.6539318196328348,
"{'hidden_layer_sizes': (100, 100, 50), 'activation': 'relu', 'solver': 'adam', 'learning_rate_init': 0.0001, 'max_iter': 500}",0.6665274296853244,
"{'hidden_layer_sizes': (100, 100, 50), 'activation': 'relu', 'solver': 'adam', 'learning_rate_init': 0.0001, 'max_iter': 1000}",0.6665274296853244,
"{'hidden_layer_sizes': (100, 100, 50), 'activation': 'relu', 'solver': 'adam', 'learning_rate_init': 0.0001, 'max_iter': 1500}",0.6665274296853244,
"{'hidden_layer_sizes': (100, 100, 50), 'activation': 'relu', 'solver': 'adam', 'learning_rate_init': 0.0001, 'max_iter': 2000}",0.6665274296853244,
"{'hidden_layer_sizes': (100, 100, 50), 'activation': 'relu', 'solver': 'adam', 'learning_rate_init': 0.001, 'max_iter': 500}",0.6622708119308387,
"{'hidden_layer_sizes': (100, 100, 50), 'activation': 'relu', 'solver': 'adam', 'learning_rate_init': 0.001, 'max_iter': 1000}",0.6622708119308387,
"{'hidden_layer_sizes': (100, 100, 50), 'activation': 'relu', 'solver': 'adam', 'learning_rate_init': 0.001, 'max_iter': 1500}",0.6622708119308387,
"{'hidden_layer_sizes': (100, 100, 50), 'activation': 'relu', 'solver': 'adam', 'learning_rate_init': 0.001, 'max_iter': 2000}",0.6622708119308387,
"{'hidden_layer_sizes': (100, 100, 50), 'activation': 'relu', 'solver': 'adam', 'learning_rate_init': 0.01, 'max_iter': 500}",0.6542207792207791,
"{'hidden_layer_sizes': (100, 100, 50), 'activation': 'relu', 'solver': 'adam', 'learning_rate_init': 0.01, 'max_iter': 1000}",0.6542207792207791,
"{'hidden_layer_sizes': (100, 100, 50), 'activation': 'relu', 'solver': 'adam', 'learning_rate_init': 0.01, 'max_iter': 1500}",0.6542207792207791,
"{'hidden_layer_sizes': (100, 100, 50), 'activation': 'relu', 'solver': 'adam', 'learning_rate_init': 0.01, 'max_iter': 2000}",0.6542207792207791,
"{'hidden_layer_sizes': (100, 100, 50), 'activation': 'relu', 'solver': 'adam', 'learning_rate_init': 0.1, 'max_iter': 500}",0.44120879120879125,
"{'hidden_layer_sizes': (100, 100, 50), 'activation': 'relu', 'solver': 'adam', 'learning_rate_init': 0.1, 'max_iter': 1000}",0.44120879120879125,
"{'hidden_layer_sizes': (100, 100, 50), 'activation': 'relu', 'solver': 'adam', 'learning_rate_init': 0.1, 'max_iter': 1500}",0.44120879120879125,
"{'hidden_layer_sizes': (100, 100, 50), 'activation': 'relu', 'solver': 'adam', 'learning_rate_init': 0.1, 'max_iter': 2000}",0.44120879120879125,
